问卷编号,调查员,民族,政治面貌,年级,您觉得自己是个典型的中国人吗,与世界其他国家的人相比中国人有自己的特点吗,为公民，最基本的要求是爱自己的国家,不管是汉族还是少数民族，都是中华民族的一员,您是否为为中华民族的历史文化而骄傲,个人的前途与命运是与中华民族的命运息息相关,您是否了解中华民族的传统节日,您是否了解中国历史、地理、政治等,老实说，您觉得中国怎么样,您认为中国有多少值得自豪的地方,您认为世界有多少比例的人尊重中国,对您而言作为一名中国人有多重要,会以中国人自豪吗,会隐瞒身份吗,会打多少分,国歌升起,世博会,中国传统文化,发展信心,你会为中国运动员呐喊助威,遇到灾难时中国人应该伸出援手,你愿意加入其他国籍吗,中国人要为祖国统一奋斗吗
681,刘利,1,1,2,3,4,1,1,2,4,3,3,4,4,3,5,5,1,5,3,4,3,4,3,5,2,4
615,贾娜,19,1,4,5,1,3,1,2,2,4,3,3,1,1,2,2,1,3,2,3,1,3,4,4,2,4
612,贾娜,1,2,3,4,5,5,1,1,4,2,2,5,4,3,4,4,1,4,2,4,3,4,3,4,3,4
602,庞丽梅,5,2,3,3,4,4,1,1,1,2,2,4,4,3,3,4,4,3,3,3,3,3,3,3,3,3
317,马英琦,2,1,2,4,2,3,1,5,3,1,3,4,5,4,4,4,4,4,3,2,3,4,4,3,3,3
128,莫光轩,3,1,2,1,4,4,1,2,4,2,3,4,4,3,3,4,4,3,3,4,3,4,3,4,4,4
841,陈秋宇,15,1,2,3,5,1,1,2,1,3,3,4,3,1,4,2,1,4,2,2,3,3,3,5,2,5
691,王亚萍,8,1,3,4,4,1,1,3,3,3,2,3,3,2,5,5,3,4,3,4,3,3,3,5,2,4
683,刘利,11,1,2,5,4,4,1,3,1,3,3,4,3,2,3,3,2,3,2,3,3,3,3,5,3,1
524,马小兰,3,1,1,4,3,3,1,3,3,2,2,3,4,3,3,3,2,3,3,2,3,4,4,5,4,5
458,师现衡,1,3,3,5,4,5,1,5,3,4,3,4,4,2,4,3,1,1,2,2,2,1,3,4,4,4
456,师现衡,1,3,3,3,4,3,1,5,4,4,3,3,3,2,4,3,1,4,2,2,3,3,2,4,4,4
252,凌灿,4,1,1,3,5,3,1,3,3,3,3,3,5,2,3,2,3,4,3,2,2,1,2,3,3,4
188,魏敦稳,1,2,4,5,4,2,1,1,1,1,1,1,1,3,1,2,1,1,4,3,3,4,4,3,1,1
157,罗少良,1,4,1,1,1,1,1,1,1,1,1,1,1,2,2,2,2,3,4,4,3,2,1,4,3,4
332,马子越,3,1,1,2,1,4,2,3,2,4,1,2,3,2,3,4,4,3,1,2,2,3,3,4,2,4
838,才何卓玛,1,1,1,4,5,5,2,1,3,3,3,3,3,3,3,5,1,5,3,4,3,3,4,4,2,4
799,李金桃,11,3,4,1,1,2,2,2,2,2,2,2,2,1,2,3,3,2,1,2,1,1,1,2,1,3
784,梁希圆,3,3,2,2,4,1,2,2,3,2,3,4,4,3,4,4,1,3,2,3,2,3,3,4,4,4
766,马琪,2,1,3,3,3,2,2,4,4,2,3,4,3,2,3,3,2,1,1,4,2,1,3,5,4,4
596,廖晓莹,1,1,2,3,3,3,2,3,4,3,2,3,3,1,3,3,1,3,2,2,2,2,4,5,4,4
576,袁春华,5,1,1,1,2,3,2,3,2,2,2,1,1,1,2,3,4,1,2,2,1,1,2,2,2,3
525,马小兰,1,1,1,5,4,3,2,3,5,4,4,5,5,3,4,3,3,3,3,2,3,3,3,4,3,3
335,马子越,1,1,4,3,1,4,2,1,3,1,3,2,1,4,1,3,2,3,4,4,3,4,3,3,1,4
333,马子越,1,1,3,3,1,3,2,4,4,2,3,1,2,2,4,2,2,3,1,2,3,4,3,4,1,1
273,袁帝航,1,3,1,5,2,3,2,1,3,2,1,5,5,4,3,3,3,3,1,4,3,3,3,4,3,2
118,蔡远亮,1,3,2,5,2,3,2,3,2,3,2,3,2,3,2,3,2,3,2,3,2,3,2,3,2,3
88,夏之潮,2,3,2,4,2,3,2,3,2,3,2,3,2,3,2,3,2,3,2,3,2,3,2,3,2,3
51,廖雪钞,1,1,2,5,4,2,2,2,1,2,2,2,1,4,4,2,4,1,2,3,2,2,2,2,2,2
21,黄明军,1,3,2,2,3,2,2,3,2,3,1,3,5,2,5,3,4,3,1,2,3,2,3,3,3,2
20,黄明军,1,1,2,2,3,3,2,3,5,2,3,2,2,3,5,2,3,3,2,3,2,3,2,1,3,1
448,郭廉卿,1,1,4,5,3,4,3,3,3,3,4,2,2,2,2,3,2,3,2,3,3,3,2,3,2,1
178,罗少良,13,3,3,4,4,4,3,3,3,2,2,3,2,3,4,2,2,4,3,2,1,3,2,3,1,3
538,郑盼,3,1,2,4,4,4,3,3,2,3,3,4,4,4,5,5,4,3,4,3,3,3,4,3,4,4
420,张清逸,1,2,3,4,5,4,3,4,4,4,4,5,4,4,4,4,4,4,3,3,3,4,3,3,3,3
410,张清逸,1,3,1,1,3,4,3,3,3,3,4,5,4,4,4,4,4,4,4,4,2,4,4,4,4,4
137,莫光轩,1,1,1,1,1,3,3,3,3,3,4,5,4,4,4,4,4,4,4,4,2,4,4,4,4,4
117,蔡远亮,1,2,3,4,5,4,3,4,4,4,4,5,4,4,4,4,4,4,3,3,3,4,3,3,3,3
107,蔡远亮,1,3,1,1,3,4,3,3,3,3,4,5,4,4,4,4,4,4,4,4,2,4,4,4,4,4
87,夏之潮,1,2,3,4,5,4,3,4,4,4,4,5,4,4,4,4,4,4,3,3,3,3,3,3,3,3
77,夏之潮,1,1,1,1,1,3,3,3,3,3,4,5,4,4,4,4,4,4,4,4,2,4,4,4,4,4
35,廖雪钞,1,1,2,5,5,5,3,2,3,2,2,3,3,3,5,4,4,5,3,3,2,4,3,5,4,2
899,张璐婷,1,1,2,5,4,5,3,5,5,3,2,3,4,3,3,4,1,4,4,4,3,4,4,3,3,3
896,张璐婷,3,2,2,4,4,5,3,2,3,3,2,4,4,3,4,5,1,5,4,4,2,4,4,4,3,4
887,安娜,14,2,4,1,2,3,3,3,3,2,2,3,3,2,2,2,2,3,2,3,3,3,3,4,3,4
867,古丽娜孜,1,1,2,3,3,4,3,3,3,3,3,3,3,3,4,4,3,4,3,3,3,4,4,5,2,4
837,才何卓玛,15,1,1,5,4,4,3,4,3,3,3,4,3,3,3,2,2,1,4,3,3,3,3,4,1,3
765,马琪,2,1,3,5,5,4,3,2,5,3,3,3,3,1,5,5,1,4,4,4,2,4,4,5,2,5
746,黄婷,4,1,3,3,4,4,3,3,3,3,3,2,2,1,2,1,3,2,2,4,3,2,2,4,1,3
742,黄婷,8,1,3,4,2,4,3,4,3,3,3,3,3,2,4,2,4,3,2,3,2,2,3,4,4,4
737,于童,9,1,1,3,3,3,3,2,2,1,3,3,4,3,4,5,1,4,4,4,3,3,4,4,4,4
688,王亚萍,1,1,2,5,5,4,3,4,4,4,3,4,5,3,4,5,1,5,2,2,3,3,2,4,3,3
670,白露,3,1,3,4,4,4,3,2,4,4,3,4,5,4,4,5,1,4,4,3,3,4,3,4,1,3
632,李昱,3,1,1,4,4,4,3,3,4,3,2,4,4,2,4,4,1,4,2,2,2,4,4,4,2,4
622,周欢,2,3,1,4,3,4,3,4,3,2,2,2,2,2,3,3,3,2,1,3,2,3,3,4,3,3
579,李莹莹,1,1,2,3,5,2,3,1,3,3,3,1,2,2,2,1,1,2,2,1,2,3,4,5,1,3
578,李莹莹,15,1,2,2,4,2,3,2,3,3,2,3,3,2,3,2,1,4,2,3,3,3,4,4,1,4
569,袁春华,1,1,1,3,4,3,3,5,3,3,3,3,3,2,4,4,1,4,4,3,2,4,3,4,3,4
534,郑盼,1,1,1,4,4,5,3,4,4,3,3,5,5,3,3,5,3,4,4,3,3,4,4,5,4,5
523,马小兰,1,1,3,3,3,3,3,3,3,3,3,2,3,3,3,3,3,2,1,3,1,3,3,4,3,4
516,李媛,8,1,1,5,5,5,3,5,3,4,3,3,4,3,4,3,2,4,2,3,3,3,3,4,2,3
480,师现衡,7,1,2,4,2,5,3,4,3,3,3,3,4,2,5,4,2,3,2,4,3,4,3,4,3,4
457,师现衡,3,4,3,5,3,3,3,2,5,3,4,3,2,2,5,4,1,4,4,4,3,3,3,4,1,4
450,郭廉卿,1,1,4,3,3,4,3,2,3,2,2,3,2,2,3,2,3,3,3,2,3,3,3,3,1,4
416,张清逸,1,1,3,4,3,4,3,4,3,3,3,4,4,3,4,5,3,3,1,3,3,4,3,3,4,4
412,张清逸,2,2,2,5,2,2,3,3,2,3,2,3,3,3,2,3,3,3,2,2,3,2,3,2,3,2
409,张清逸,1,1,2,5,3,4,3,4,3,4,3,5,5,3,5,4,3,1,3,3,3,3,4,3,2,3
366,倪磊,8,2,2,3,1,2,3,1,3,4,4,2,1,1,3,1,2,1,1,1,3,2,1,3,1,4
334,马子越,1,2,2,2,2,1,3,4,3,3,2,1,3,2,4,3,3,4,2,2,3,3,1,2,3,2
303,马英琦,1,2,2,2,5,1,3,5,3,4,2,4,4,4,4,3,3,4,2,2,1,3,1,2,2,2
300,袁帝航,2,1,3,4,4,3,3,3,3,2,2,4,3,3,4,3,2,3,2,2,1,3,3,3,3,3
299,袁帝航,5,3,2,4,4,4,3,3,3,4,4,4,3,2,5,5,2,2,2,3,3,4,4,1,4,2
296,袁帝航,9,3,1,2,4,4,3,2,2,3,1,3,3,1,4,4,1,4,2,2,3,3,3,5,1,5
292,袁帝航,1,1,1,5,4,3,3,5,4,3,3,4,4,2,4,4,1,3,3,3,3,2,4,3,3,1
282,袁帝航,1,1,2,5,5,4,3,4,2,3,4,4,4,4,5,5,1,5,4,2,3,4,4,4,4,4
280,袁帝航,1,2,2,2,4,4,3,3,2,2,3,2,3,1,3,1,2,2,2,2,3,2,2,3,4,2
239,吴桐,16,2,3,2,4,4,3,2,2,2,3,2,3,1,3,3,2,3,2,3,2,1,4,4,3,4
222,吴桐,3,1,0,3,4,3,3,4,4,3,3,3,3,3,3,2,4,4,2,2,2,1,4,4,1,3
221,吴桐,3,1,0,3,4,4,3,4,2,2,3,4,3,3,3,2,4,3,1,3,3,4,4,4,3,3
220,吴桐,5,1,0,3,4,3,3,2,2,3,3,2,3,4,3,3,3,3,2,4,2,1,2,3,3,3
219,吴桐,4,1,0,3,4,3,3,3,4,2,2,3,4,2,3,3,1,4,2,1,3,1,3,4,3,3
218,吴桐,4,1,0,3,4,4,3,2,3,2,3,3,4,3,3,4,2,4,2,2,2,3,3,4,3,2
216,吴桐,5,1,0,3,4,4,3,2,3,2,2,3,3,2,3,2,3,4,2,2,3,1,3,3,3,3
215,吴桐,5,1,0,3,4,3,3,2,3,3,3,3,4,2,3,3,2,3,2,2,2,1,3,3,3,3
206,魏敦稳,3,1,1,5,3,3,3,1,1,1,1,2,2,3,4,3,3,2,2,2,3,3,4,4,4,3
177,罗少良,6,3,4,4,3,2,3,3,3,2,2,3,2,1,3,3,3,3,2,2,3,1,3,3,4,3
153,罗少良,8,1,1,1,1,4,3,2,2,1,1,1,1,3,4,3,1,1,1,1,2,2,1,1,1,1
143,莫光轩,15,1,3,4,3,4,3,4,3,3,3,4,4,3,4,5,3,3,1,3,3,3,3,3,4,4
142,莫光轩,1,1,2,3,2,4,3,4,3,4,3,5,3,4,3,4,3,5,3,3,3,3,4,3,4,4
139,莫光轩,2,2,2,3,2,2,3,3,2,3,2,3,2,3,2,3,3,3,2,2,3,2,3,2,3,2
136,莫光轩,14,1,2,1,3,4,3,2,3,4,3,5,5,3,5,4,3,1,3,3,3,3,4,3,2,3
113,蔡远亮,1,1,3,4,3,4,3,4,3,3,3,4,4,3,4,5,3,3,1,3,3,4,3,3,4,4
109,蔡远亮,2,2,2,5,2,2,3,3,2,3,2,3,3,3,2,3,3,3,2,2,3,2,3,2,3,2
106,蔡远亮,1,1,2,5,3,4,3,4,3,4,3,5,5,3,5,4,3,1,3,3,3,3,4,3,2,3
83,夏之潮,2,1,3,4,3,4,3,4,3,3,3,4,4,3,4,5,3,3,1,3,3,3,3,3,4,4
82,夏之潮,1,1,3,3,2,4,3,4,3,4,3,5,3,4,3,4,3,5,3,3,3,3,4,3,4,4
79,夏之潮,2,2,2,2,2,2,3,3,2,3,2,3,2,3,2,3,3,3,2,2,3,2,3,2,3,2
76,夏之潮,2,1,2,1,3,4,3,2,3,4,3,5,5,3,5,4,3,1,3,3,3,3,4,3,2,3
32,廖雪钞,1,1,2,4,3,4,3,4,3,3,3,4,3,3,4,4,3,4,2,3,2,3,3,4,3,4
27,黄明军,1,1,2,2,2,2,3,2,2,2,2,2,2,3,2,2,3,3,2,2,2,2,2,2,2,2
24,黄明军,1,2,2,2,3,2,3,4,2,2,3,3,2,3,2,3,3,3,3,3,3,2,2,1,2,5
22,黄明军,1,3,3,3,3,3,3,3,3,3,#NULL!,3,2,2,5,3,3,3,3,2,1,2,2,2,3,3
19,黄明军,1,1,2,3,3,3,3,3,3,2,2,2,2,2,2,3,3,2,2,2,2,3,2,2,3,2
14,黄明军,3,1,1,4,5,3,3,3,3,2,2,3,3,3,4,5,1,4,4,3,3,4,4,3,4,4
790,梁希圆,4,1,2,4,4,3,4,3,1,3,2,4,3,3,4,3,1,4,1,3,2,3,3,4,3,4
787,梁希圆,4,1,3,3,3,4,4,3,4,2,2,3,3,3,4,4,2,3,3,2,2,1,3,4,2,4
610,贾娜,8,1,2,3,4,4,4,4,4,2,2,4,4,3,4,5,1,2,2,4,3,3,3,4,3,4
572,袁春华,8,1,1,4,4,4,4,5,5,3,3,4,3,3,4,4,2,4,2,2,2,3,4,4,4,4
396,张清逸,3,3,2,4,3,3,4,4,3,3,3,4,4,3,4,3,3,3,3,4,3,3,3,4,4,5
158,罗少良,15,3,1,5,5,4,4,4,5,3,3,4,4,3,5,5,1,5,4,4,3,3,4,5,2,5
1353,古丽娜孜,5,3,1,4,4,4,4,4,4,4,4,4,4,4,4,4,4,4,4,4,3,4,4,3,4,4
852,乔玮,15,1,4,4,5,3,4,3,3,3,2,4,4,3,4,5,4,5,3,3,3,2,4,3,3,4
768,马琪,2,1,2,4,4,5,4,4,3,3,3,5,4,3,5,4,4,3,3,3,3,3,3,5,4,5
763,马琪,2,1,3,4,4,3,4,3,3,3,3,3,4,3,4,4,4,4,3,3,2,3,3,4,3,4
693,王亚萍,4,2,4,5,4,4,4,4,3,3,3,4,4,3,4,4,4,4,4,3,2,3,3,4,3,4
678,刘利,15,1,2,2,4,5,4,4,4,2,2,4,4,4,3,4,4,1,3,4,3,4,3,5,3,5
648,普晨敏,1,1,4,3,3,5,4,4,4,3,3,2,3,2,4,5,4,4,2,2,2,4,2,4,3,4
611,贾娜,1,1,3,4,4,4,4,4,4,3,4,4,4,3,4,5,4,5,3,3,3,4,4,4,2,4
431,郭廉卿,8,1,1,4,4,4,4,4,5,4,3,4,4,4,5,5,4,5,4,4,3,4,3,5,4,5
411,张清逸,2,2,3,4,3,3,4,4,4,4,4,4,4,3,4,4,4,4,4,2,3,4,4,4,4,4
406,张清逸,1,1,2,4,4,4,4,4,4,4,3,4,5,3,4,4,4,4,3,3,2,3,4,5,4,4
399,张清逸,8,3,3,4,3,3,4,4,4,3,3,4,4,3,4,4,4,4,3,4,3,3,3,4,3,4
398,张清逸,3,1,2,5,4,4,4,4,4,4,3,5,4,3,3,4,4,3,3,4,3,4,3,4,4,4
363,倪磊,3,3,3,3,3,3,4,5,5,4,3,2,2,3,3,5,4,1,3,2,2,2,1,2,4,3
352,马子越,1,1,2,5,5,5,4,5,5,4,4,5,4,4,4,5,4,4,3,4,2,1,1,5,1,3
343,马子越,1,1,1,5,5,4,4,4,4,3,3,3,5,4,4,4,4,3,4,3,3,3,3,3,4,3
322,马英琦,3,3,1,4,4,4,4,4,4,3,3,4,4,4,4,4,4,4,4,4,3,4,4,3,4,4
321,马英琦,1,1,2,5,4,5,4,4,5,4,4,5,4,4,4,5,4,4,3,4,2,3,1,5,1,5
316,马英琦,1,1,1,5,5,5,4,4,4,4,4,4,4,4,4,5,4,4,4,4,3,4,4,5,4,5
192,魏敦稳,1,2,4,4,4,4,4,4,4,3,3,3,4,4,3,4,4,1,3,3,3,4,4,4,3,4
175,罗少良,4,1,3,4,5,5,4,5,3,3,3,4,5,1,4,4,4,3,4,4,3,4,4,5,3,5
138,莫光轩,5,2,3,4,3,2,4,4,4,4,4,4,4,1,4,4,4,4,4,2,3,4,4,4,4,4
133,莫光轩,4,1,2,4,4,2,4,5,4,4,3,4,5,1,4,4,4,4,3,3,2,3,4,5,4,4
108,蔡远亮,2,2,3,4,3,3,4,4,4,4,4,4,4,3,4,4,4,4,4,2,3,4,4,4,4,4
103,蔡远亮,1,1,2,4,4,4,4,4,4,4,3,4,5,3,4,4,4,4,3,3,2,3,4,5,4,4
99,蔡远亮,8,3,3,4,3,3,4,4,4,3,3,4,4,3,4,4,4,4,3,4,3,3,3,4,3,4
98,蔡远亮,3,1,2,5,4,4,4,4,4,4,3,5,4,3,3,4,4,3,3,4,3,4,3,4,4,4
86,夏之潮,1,1,2,3,4,4,4,5,4,4,4,4,4,4,4,4,4,4,4,4,3,4,4,4,4,4
78,夏之潮,2,2,3,4,3,3,4,4,4,4,4,4,4,4,4,4,4,4,4,2,3,4,4,4,4,4
73,夏之潮,1,1,2,4,4,4,4,5,4,4,3,4,5,3,4,4,4,4,3,3,2,3,4,5,4,4
69,夏之潮,8,2,3,4,4,3,4,4,4,3,3,4,4,3,4,4,4,4,3,4,3,3,3,4,3,4
68,夏之潮,3,1,2,4,4,4,4,4,4,3,3,4,4,3,3,4,4,3,3,4,3,4,3,4,4,4
40,廖雪钞,3,2,2,4,4,4,4,3,3,3,3,4,4,3,4,4,4,4,4,4,3,3,4,4,3,4
12,黄明军,17,1,1,4,5,4,4,4,4,3,3,3,3,4,5,4,4,4,3,3,3,4,4,5,4,4
900,张璐婷,3,2,2,5,5,5,4,5,4,4,4,4,4,3,4,1,5,3,3,3,3,4,2,4,3,4
898,张璐婷,26,1,2,3,4,3,4,2,4,2,3,4,4,4,4,4,1,4,3,3,3,4,4,5,2,5
892,张璐婷,26,1,2,3,4,5,4,3,2,4,3,2,3,2,5,5,1,5,4,4,3,1,4,4,2,5
886,安娜,3,3,2,5,5,4,4,2,2,3,3,3,3,3,3,4,3,3,2,3,3,1,4,5,4,4
880,杜晓霜,5,1,3,4,3,4,4,4,3,2,2,3,4,2,4,4,1,4,2,3,2,3,4,5,3,4
877,杜晓霜,1,1,4,4,3,4,4,4,2,3,3,5,5,3,4,5,1,5,2,4,3,4,4,4,2,4
865,古丽娜孜,15,2,4,5,5,5,4,2,3,3,2,4,4,3,5,5,1,5,3,4,3,4,4,4,2,4
862,古丽娜孜,1,2,4,5,4,4,4,4,1,3,3,4,5,3,5,5,1,5,3,4,3,4,4,5,4,4
861,古丽娜孜,5,1,4,3,3,3,4,4,4,4,4,2,3,2,3,3,3,4,2,2,3,3,3,5,4,4
860,乔玮,1,2,4,2,2,2,4,1,3,2,3,2,3,2,2,2,2,3,3,2,2,3,3,3,3,3
850,陈秋宇,1,1,3,4,4,4,4,3,3,3,3,4,4,2,4,4,1,4,2,4,2,3,2,4,2,3
846,陈秋宇,4,1,4,5,4,4,4,4,4,3,3,4,4,3,4,4,2,4,4,4,2,3,4,4,4,4
842,陈秋宇,8,1,2,3,4,3,4,4,4,3,3,3,3,2,3,4,2,4,2,3,3,3,3,4,4,4
839,才何卓玛,1,1,1,3,4,3,4,3,2,2,3,4,4,3,4,4,2,4,2,2,3,3,3,4,3,4
836,才何卓玛,15,1,1,4,2,4,4,3,3,3,3,3,2,2,3,2,3,3,3,3,3,3,3,4,4,4
835,才何卓玛,3,1,1,3,3,5,4,3,3,3,2,3,2,1,4,2,1,3,3,3,3,3,3,4,3,4
811,张春敏,1,2,3,4,4,4,4,3,4,2,2,4,3,3,4,4,1,4,3,4,2,3,3,5,2,4
810,张玉梅,26,1,4,3,2,4,4,4,4,3,3,4,4,2,3,5,2,4,3,4,3,4,4,5,2,4
792,李金桃,1,1,2,3,3,4,4,3,3,2,3,4,4,2,4,5,3,4,2,3,3,4,2,5,3,4
791,李金桃,1,1,1,5,5,4,4,5,4,4,3,4,4,3,4,5,1,5,3,4,3,4,4,5,4,4
789,梁希圆,4,1,2,3,3,4,4,4,4,4,2,2,3,3,2,3,3,2,2,1,2,2,3,4,2,3
783,梁希圆,3,1,2,1,4,5,4,2,3,3,3,4,3,2,3,3,1,4,2,3,2,3,3,4,2,5
770,马琪,2,1,2,4,4,3,4,3,3,3,3,4,4,3,3,3,1,4,3,4,2,3,4,5,3,5
769,马琪,2,1,2,3,4,4,4,4,4,3,3,4,4,3,4,5,1,5,4,4,3,4,4,5,4,5
767,马琪,2,1,2,4,4,4,4,4,5,3,3,4,3,3,4,4,1,4,3,4,2,4,4,5,2,4
764,马琪,2,1,3,4,4,4,4,4,5,3,3,4,4,4,4,5,1,4,2,2,2,1,3,4,4,2
761,马琪,2,1,4,5,5,5,4,4,5,4,4,5,4,3,4,5,1,5,3,4,3,4,4,5,4,5
759,刘婷,1,1,2,4,4,5,4,3,5,3,3,3,3,3,5,4,2,4,3,4,2,3,2,4,4,4
756,刘婷,5,1,2,2,4,4,4,4,4,2,2,4,4,3,4,5,1,4,2,3,3,4,4,4,1,4
749,黄婷,1,1,1,5,3,1,4,2,3,2,2,4,4,2,4,5,1,4,3,3,3,4,4,4,2,3
743,黄婷,15,1,0,5,4,4,4,5,5,3,3,4,5,3,5,5,1,5,3,4,2,4,4,5,2,4
736,于童,1,1,1,4,3,4,4,3,3,3,3,3,3,3,4,4,2,4,2,3,3,3,2,4,4,4
734,于童,3,1,1,3,4,4,4,4,4,2,3,4,4,3,5,5,1,4,4,4,3,4,4,4,2,4
731,于童,4,1,2,5,4,4,4,2,2,3,3,3,2,2,4,2,3,2,2,4,2,3,3,5,3,5
723,单凤香,5,1,1,3,4,5,4,4,4,3,3,4,5,4,5,5,1,4,2,4,3,4,4,5,2,5
716,林硕,1,1,3,4,5,5,4,3,5,3,3,4,4,3,3,4,1,4,3,4,3,4,3,4,3,4
710,林硕,4,1,4,3,4,5,4,3,4,3,3,4,4,3,4,5,1,4,3,4,3,4,4,5,2,4
703,贾浩,15,1,3,5,5,4,4,4,5,2,3,4,4,3,4,5,1,5,4,4,3,4,4,5,2,5
696,王亚萍,5,1,1,5,5,4,4,4,5,3,3,3,4,3,5,5,1,4,4,4,3,3,4,5,4,5
690,王亚萍,3,4,3,3,4,5,4,4,2,3,3,4,5,3,5,5,3,5,2,4,3,4,3,4,2,4
677,刘利,8,1,2,4,4,4,4,4,3,2,2,4,3,3,4,4,1,5,4,4,3,4,4,5,4,4
674,白露,1,4,3,5,3,4,4,4,5,3,3,3,3,2,3,4,3,3,3,4,3,3,4,5,3,5
672,白露,13,1,3,3,4,4,4,3,4,3,2,3,3,2,3,2,2,4,3,2,3,1,4,5,3,4
671,白露,7,3,3,4,4,5,4,3,4,3,3,3,3,2,5,5,3,4,2,4,3,3,3,4,2,5
663,杨惠B,3,1,3,5,4,3,4,2,3,3,3,3,3,1,2,1,3,3,1,2,2,1,3,4,3,3
646,普晨敏,3,1,2,3,3,3,4,3,5,3,2,4,4,2,4,3,1,4,2,4,3,4,3,5,4,4
645,普晨敏,1,2,2,4,5,5,4,3,5,3,3,5,5,3,5,5,1,5,4,4,3,4,4,5,1,5
644,普晨敏,1,3,2,3,4,4,4,5,4,2,3,4,4,3,3,3,1,4,1,4,1,3,2,4,4,4
641,李昱,15,1,1,5,4,4,4,3,3,3,4,4,5,1,4,2,3,2,3,2,2,3,2,4,2,4
640,李昱,1,1,1,3,3,4,4,3,5,2,2,3,2,2,3,4,3,4,2,3,2,2,4,4,2,3
636,李昱,8,1,1,4,4,3,4,4,3,3,3,4,4,3,5,5,1,4,2,4,2,1,2,4,4,4
630,周欢,32,3,1,5,5,5,4,4,4,2,2,4,4,3,3,5,1,4,2,3,3,3,3,4,1,4
628,周欢,1,1,1,3,4,3,4,3,3,3,3,3,2,3,3,2,3,2,2,2,3,1,2,3,3,3
624,周欢,2,1,1,4,5,4,4,3,4,3,3,4,4,2,4,5,1,4,3,4,3,4,4,4,2,4
623,周欢,2,1,1,4,4,4,4,3,2,3,4,4,3,3,4,3,1,4,4,4,2,4,4,4,4,4
621,周欢,2,1,2,2,3,3,4,3,4,3,2,3,3,2,4,4,1,3,3,1,3,3,3,3,3,3
617,贾娜,1,2,2,3,3,4,4,3,4,3,3,4,4,3,3,4,1,4,2,4,3,3,4,5,4,3
616,贾娜,7,2,4,4,3,4,4,4,5,3,3,4,4,2,4,4,1,3,3,3,2,4,3,4,4,4
609,庞丽梅,17,1,3,4,4,4,4,4,4,3,3,4,4,3,4,5,1,5,3,4,3,4,4,4,4,4
608,庞丽梅,3,2,3,2,4,4,4,4,2,3,3,3,3,3,5,5,1,4,3,4,3,4,4,5,4,5
607,庞丽梅,17,2,3,2,3,4,4,2,4,2,2,4,3,2,3,5,1,4,3,4,3,1,4,5,4,4
603,庞丽梅,5,2,3,4,4,4,4,3,4,3,2,3,4,3,4,4,1,4,2,3,2,1,2,4,4,4
593,廖晓莹,4,1,2,1,3,5,4,4,4,4,4,2,3,2,3,2,4,4,1,3,3,3,2,4,1,4
592,廖晓莹,4,1,2,3,4,3,4,2,3,2,2,3,3,2,3,3,3,2,2,2,2,1,2,3,4,4
591,廖晓莹,4,1,2,3,4,4,4,3,3,2,3,3,2,3,2,2,2,3,2,2,2,1,2,4,4,4
590,廖晓莹,4,1,1,3,3,3,4,4,3,2,2,3,3,2,3,2,3,2,2,2,2,1,2,5,4,3
589,廖晓莹,4,1,1,5,4,5,4,4,4,3,2,3,3,3,4,4,1,4,3,3,2,3,3,4,2,4
588,廖晓莹,1,1,1,5,4,4,4,4,4,3,3,3,4,2,4,4,1,4,2,2,3,4,4,5,4,4
587,李莹莹,1,1,3,5,4,4,4,4,4,2,3,4,4,2,4,4,1,4,2,4,3,3,2,5,3,4
584,李莹莹,3,1,3,4,3,4,4,2,4,3,2,3,3,2,3,3,1,4,2,2,3,3,4,5,2,3
582,李莹莹,1,1,3,3,4,3,4,4,2,3,3,3,3,3,4,4,1,4,2,3,3,3,4,4,4,3
574,袁春华,17,2,1,4,4,4,4,3,4,3,3,4,4,3,4,4,2,4,3,4,3,4,4,5,2,5
573,袁春华,1,1,1,5,4,4,4,2,5,3,3,3,3,2,3,2,4,3,3,3,2,3,3,4,3,4
570,袁春华,1,1,1,5,4,4,4,4,4,3,3,4,4,3,5,5,1,3,3,3,3,4,4,4,3,4
566,袁春华,30,1,4,4,3,4,4,3,3,4,2,3,4,1,4,4,2,4,2,3,2,4,3,4,3,4
564,刘立,15,1,2,4,4,4,4,4,4,3,3,4,3,3,4,4,1,4,3,4,2,3,3,4,4,4
563,刘立,1,1,2,4,4,4,4,4,4,4,3,3,3,2,4,5,1,4,3,3,2,4,2,4,3,4
560,刘立,1,1,3,3,4,5,4,4,4,3,3,4,3,2,5,5,1,3,3,4,2,3,4,4,4,5
559,刘立,8,1,2,5,3,4,4,4,5,2,2,3,3,2,2,4,1,3,2,2,2,1,4,4,3,4
550,洪炜琼,1,1,1,3,3,4,4,3,4,3,3,3,4,3,3,1,4,2,3,2,2,4,3,4,3,4
545,洪炜琼,3,1,1,3,3,4,4,3,4,2,2,4,3,4,5,2,3,4,4,2,2,4,4,5,2,4
544,洪炜琼,1,1,2,2,5,2,4,2,4,4,3,2,3,2,2,1,1,1,3,2,1,1,2,5,4,4
542,郑盼,8,2,3,4,4,4,4,4,5,4,4,5,4,3,3,3,4,4,3,3,3,3,3,4,3,5
539,郑盼,1,2,3,5,5,5,4,3,3,3,3,2,2,2,2,2,2,2,1,2,2,3,3,2,4,4
537,郑盼,1,2,3,2,2,1,4,2,2,1,1,1,3,3,2,2,2,5,3,1,1,3,4,5,4,5
529,马小兰,1,1,4,4,4,4,4,4,4,3,3,4,4,3,4,5,1,4,3,3,3,3,4,5,2,4
521,李媛,3,1,1,4,5,1,4,3,2,2,3,4,3,2,5,5,1,4,3,4,2,3,4,4,2,5
517,李媛,1,1,1,4,5,4,4,3,4,3,2,3,4,3,4,3,2,4,2,2,3,1,3,5,4,4
512,李媛,15,1,1,3,4,3,4,2,4,3,3,3,3,2,3,4,1,4,2,1,2,1,2,4,3,3
495,龚启航,6,1,1,5,5,4,4,4,4,3,3,4,4,1,5,5,1,5,3,4,3,4,4,4,4,4
489,龚启航,3,1,1,5,5,4,4,2,4,4,3,5,5,2,5,5,1,5,4,4,3,4,4,4,4,4
477,师现衡,1,1,1,3,5,4,4,4,4,3,3,3,4,3,4,4,1,5,4,4,3,4,4,4,3,4
476,师现衡,1,1,2,5,5,4,4,4,3,3,2,4,4,3,4,5,1,4,3,4,3,4,3,4,2,5
466,师现衡,3,1,1,3,3,4,4,4,4,3,3,4,3,3,3,4,3,3,2,3,2,3,3,4,2,4
460,师现衡,1,3,2,5,5,3,4,4,3,3,3,3,4,1,3,5,1,3,2,2,3,3,3,5,4,4
459,师现衡,3,1,1,2,3,3,4,2,4,2,3,3,3,3,4,3,2,3,2,3,3,1,4,4,2,4
455,师现衡,1,4,2,4,4,4,4,2,4,3,3,3,3,2,3,3,1,3,3,2,3,3,3,1,2,2
453,师现衡,1,1,1,4,4,4,4,4,3,3,3,4,3,2,4,5,1,4,3,4,3,3,3,1,1,4
452,师现衡,4,1,1,4,5,4,4,4,4,4,3,4,4,4,5,5,1,4,3,4,3,4,3,4,4,5
449,郭廉卿,1,1,4,3,3,3,4,3,3,3,4,3,2,3,3,2,4,4,3,2,3,3,3,4,2,2
443,郭廉卿,1,1,4,4,4,5,4,3,2,2,2,3,3,3,2,3,1,4,3,2,3,3,3,3,3,4
442,郭廉卿,1,1,4,3,3,3,4,4,4,4,3,4,4,1,4,4,1,4,2,2,2,4,4,5,4,5
437,郭廉卿,3,1,1,3,4,4,4,3,4,3,3,4,4,3,4,5,1,5,3,3,3,4,4,4,2,5
414,张清逸,3,3,2,5,3,3,4,3,4,3,4,3,4,3,4,3,4,3,4,3,3,4,3,3,3,3
408,张清逸,3,3,3,2,3,5,4,5,1,3,3,3,3,3,3,3,4,3,4,3,3,4,3,3,4,3
394,张清逸,2,2,1,5,4,4,4,4,4,3,3,4,4,3,4,5,1,4,3,3,3,4,3,4,3,4
393,张清逸,1,2,3,5,4,5,4,4,5,3,4,5,5,3,4,5,1,5,3,3,3,4,3,4,2,4
392,张清逸,1,3,1,5,3,4,4,4,4,4,3,4,4,2,5,5,1,5,3,3,3,4,3,4,2,5
382,倪磊,1,1,2,5,4,4,4,4,3,3,3,4,4,3,5,5,1,5,4,4,2,4,4,4,2,5
380,倪磊,4,1,2,3,5,5,4,3,4,3,4,3,3,4,4,2,4,4,3,3,2,1,3,4,4,4
378,倪磊,1,1,2,5,4,4,4,5,5,3,3,4,4,3,3,3,3,3,4,4,1,3,1,5,1,5
373,倪磊,13,3,2,4,4,4,4,5,4,3,3,3,3,2,4,4,1,4,3,3,3,2,3,3,4,4
357,马子越,2,1,1,5,5,5,4,5,4,4,4,4,5,3,3,3,5,5,4,4,3,4,3,5,3,5
356,马子越,1,1,1,5,5,5,4,5,4,4,4,4,3,4,4,4,3,4,4,3,3,4,4,4,3,4
354,马子越,3,3,1,4,4,4,4,4,4,4,4,4,3,3,3,3,2,1,2,3,3,1,2,3,4,4
350,马子越,6,1,1,3,4,4,4,4,4,4,4,4,4,4,4,4,3,3,3,3,3,4,4,4,3,5
347,马子越,14,1,1,5,4,5,4,4,4,4,4,4,4,4,4,3,4,4,4,4,3,4,4,3,4,5
345,马子越,1,1,1,5,5,4,4,4,4,4,3,4,3,4,3,4,3,4,3,4,3,4,3,4,4,5
344,马子越,1,3,1,4,4,4,4,4,5,4,4,4,4,3,4,5,3,4,4,3,1,3,3,4,4,4
326,马英琦,1,2,2,5,5,5,4,5,4,4,4,4,3,4,4,4,3,4,3,3,2,3,4,5,4,4
324,马英琦,3,3,1,4,4,4,4,4,4,3,3,4,3,3,3,5,2,4,3,2,3,3,2,5,4,4
319,马英琦,1,1,2,4,4,4,4,4,4,4,4,4,4,4,4,4,3,3,3,2,3,4,4,4,3,5
313,马英琦,1,3,1,4,4,4,4,4,5,4,3,4,4,3,4,5,3,4,4,3,1,3,4,4,2,4
289,袁帝航,5,4,2,4,3,4,4,4,4,3,3,3,2,4,3,1,5,4,4,2,2,4,4,4,4,3
286,袁帝航,1,1,2,2,4,4,4,4,2,2,3,3,4,4,3,5,1,5,4,4,2,2,4,5,2,5
284,袁帝航,1,1,2,5,5,4,4,3,4,2,3,4,4,3,5,5,1,5,1,3,3,3,2,4,2,4
283,袁帝航,1,1,2,5,5,4,4,3,4,2,3,4,4,3,5,5,1,5,4,4,3,2,4,4,4,2
281,袁帝航,1,1,2,4,4,4,4,4,4,2,2,2,3,1,3,4,1,4,3,4,3,4,4,4,4,4
274,袁帝航,4,4,1,2,3,4,4,3,2,2,2,4,3,2,4,3,5,3,2,3,2,3,2,4,2,4
272,袁帝航,1,1,1,3,4,4,4,3,4,2,3,3,3,4,2,4,3,2,4,3,3,3,3,3,3,4
270,凌灿,4,1,3,4,4,5,4,4,5,3,4,3,4,2,3,3,3,4,4,3,2,4,2,4,4,4
269,凌灿,4,1,2,3,4,5,4,4,4,3,4,4,5,1,4,3,3,5,3,3,2,4,3,4,1,4
268,凌灿,1,1,1,5,3,4,4,4,4,3,3,3,4,3,4,4,2,5,3,2,3,3,4,5,2,5
264,凌灿,1,4,3,4,5,5,4,5,3,3,4,5,4,2,5,5,3,4,3,2,2,3,3,4,3,4
263,凌灿,15,1,3,5,4,5,4,5,5,3,4,5,5,3,4,4,1,4,4,1,2,4,4,4,3,4
260,凌灿,1,1,4,4,4,4,4,3,4,3,3,4,3,3,4,4,1,4,3,4,2,3,3,5,4,4
259,凌灿,3,1,4,5,5,5,4,5,4,3,3,5,4,2,5,5,1,5,4,4,2,4,4,4,4,5
256,凌灿,3,2,3,4,1,2,4,3,2,2,2,1,1,3,2,2,1,1,1,1,2,3,3,2,1,1
255,凌灿,1,1,1,4,4,4,4,4,4,3,2,4,4,2,4,4,1,4,3,4,2,4,3,4,3,4
254,凌灿,15,1,1,4,4,4,4,4,3,3,3,4,4,3,4,4,1,4,4,4,3,4,3,5,2,5
253,凌灿,4,1,1,4,4,4,4,3,4,3,3,3,4,3,3,3,1,4,3,3,2,3,3,4,1,4
251,凌灿,4,1,1,3,4,4,4,3,4,3,3,4,4,3,4,4,3,4,3,4,2,1,3,5,4,4
250,凌灿,4,1,1,5,5,5,4,4,5,3,3,4,4,3,4,5,1,4,3,4,2,4,4,5,4,4
248,凌灿,4,1,2,5,4,4,4,4,4,3,3,5,4,2,4,5,1,5,3,4,2,4,4,4,3,4
240,吴桐,3,1,3,3,4,4,4,3,4,3,3,4,5,2,3,4,2,4,2,1,3,3,3,3,3,4
236,吴桐,1,2,3,4,4,4,4,3,4,3,3,4,4,2,3,3,2,4,2,2,2,3,4,3,3,4
235,吴桐,1,2,3,5,4,4,4,3,4,3,3,4,5,3,4,5,1,4,2,2,2,4,4,4,3,3
234,吴桐,1,4,3,4,4,4,4,4,4,3,3,4,4,3,4,4,1,5,3,2,3,4,4,5,3,3
232,吴桐,5,1,1,4,4,4,4,4,4,2,2,3,4,3,3,3,1,4,3,4,3,3,3,4,3,4
229,吴桐,15,1,1,4,4,4,4,3,4,3,3,4,3,3,4,4,3,4,4,1,3,3,3,4,3,4
226,吴桐,2,1,1,5,4,4,4,4,5,3,3,3,2,2,4,1,3,3,2,2,3,3,4,3,4,4
225,吴桐,8,1,1,5,4,5,4,4,5,3,3,4,4,3,4,5,1,4,4,4,3,4,3,5,3,5
223,吴桐,3,1,1,5,5,4,4,3,4,3,3,4,4,3,4,4,1,5,3,4,3,4,4,5,3,4
217,吴桐,5,1,0,3,3,4,4,4,4,4,3,2,3,3,3,3,4,3,4,3,3,4,1,4,3,2
212,吴桐,15,1,0,5,5,5,4,5,2,2,2,4,3,2,5,1,3,4,3,3,3,4,2,4,2,4
209,魏敦稳,4,1,1,4,3,3,4,3,3,3,4,3,2,2,3,3,3,1,3,1,3,2,4,2,2,3
204,魏敦稳,3,1,1,3,2,4,4,3,3,3,3,4,3,3,4,2,1,5,3,4,3,4,4,5,2,4
202,魏敦稳,4,1,1,2,4,4,4,4,3,3,3,3,2,1,2,2,3,2,2,1,3,3,2,4,4,4
201,魏敦稳,1,1,1,5,5,3,4,3,4,4,3,4,4,3,4,5,1,5,4,4,3,4,4,4,2,3
190,魏敦稳,1,3,4,4,4,4,4,5,5,3,3,4,5,2,5,5,1,4,3,2,3,3,4,3,3,4
189,魏敦稳,1,1,4,4,5,4,4,3,4,4,4,4,4,2,4,4,1,4,2,1,3,3,4,3,3,5
186,魏敦稳,3,1,2,4,4,4,4,3,3,3,2,4,4,3,4,4,1,5,3,4,2,4,3,4,2,5
181,魏敦稳,3,4,3,4,1,4,4,4,4,3,3,3,3,2,3,3,1,4,2,4,3,3,4,5,2,3
180,罗少良,3,1,3,4,4,4,4,4,3,3,3,3,3,3,3,3,3,1,3,2,3,3,2,3,1,2
179,罗少良,1,2,2,4,4,4,4,4,4,4,4,3,3,3,3,3,3,3,3,3,3,4,4,4,4,3
176,罗少良,3,2,3,3,4,4,4,3,3,3,3,1,3,3,4,4,1,1,2,3,3,4,4,5,4,2
163,罗少良,15,1,2,5,3,3,4,4,4,3,3,3,3,3,3,3,3,3,3,3,2,2,2,3,2,4
155,罗少良,1,4,1,4,5,5,4,5,5,3,3,4,5,4,5,5,1,3,4,4,3,4,4,5,2,5
144,莫光轩,13,3,3,3,4,3,4,3,4,3,4,2,2,3,3,4,3,4,3,3,2,3,2,3,2,3
141,莫光轩,13,3,2,2,4,3,4,3,4,3,4,3,4,3,4,3,4,3,4,3,3,3,3,3,3,3
135,莫光轩,4,2,2,2,2,2,4,5,1,3,3,3,3,1,3,3,4,3,4,3,3,3,4,3,4,3
132,莫光轩,14,1,3,2,2,4,4,3,2,2,2,4,3,2,3,3,4,4,2,2,2,2,2,3,2,3
127,莫光轩,2,1,2,4,1,3,4,4,4,3,3,4,4,3,4,3,3,3,3,3,3,3,4,5,2,4
126,莫光轩,1,1,2,4,3,2,4,4,3,3,3,4,3,2,1,3,3,3,3,4,3,3,3,4,4,5
124,莫光轩,1,2,1,4,2,4,4,1,4,3,3,4,4,2,1,5,1,4,3,3,3,4,3,4,3,4
122,莫光轩,4,3,1,4,1,5,4,4,4,2,3,4,4,2,5,5,1,5,3,3,3,4,3,4,2,5
121,莫光轩,1,2,2,5,5,4,4,3,3,4,3,4,4,3,5,5,1,5,3,3,3,4,3,4,2,4
120,蔡远亮,3,3,4,3,4,3,4,3,4,4,4,3,4,2,4,3,4,4,4,4,3,4,3,3,4,4
111,蔡远亮,3,3,2,5,3,3,4,3,4,3,4,3,4,3,4,3,4,3,4,3,3,4,3,3,3,3
105,蔡远亮,3,3,3,2,3,5,4,5,1,3,3,3,3,3,3,3,4,3,4,3,3,4,3,3,4,3
96,蔡远亮,3,3,2,4,3,3,4,4,3,3,3,4,4,3,4,3,3,3,3,4,3,3,3,4,4,5
94,蔡远亮,2,2,1,5,4,4,4,4,4,3,3,4,4,3,4,5,1,4,3,3,3,4,3,4,3,4
93,蔡远亮,1,2,3,5,4,5,4,4,5,3,4,5,5,3,4,5,1,5,3,3,3,4,3,4,2,4
92,蔡远亮,1,3,1,5,3,4,4,4,4,4,3,4,4,2,5,5,1,5,3,3,3,4,3,4,2,5
89,夏之潮,1,2,1,2,1,2,4,3,4,4,3,4,4,3,4,3,4,3,4,3,3,3,4,3,4,4
84,夏之潮,3,3,3,3,4,3,4,3,4,3,4,2,2,3,3,4,3,4,3,3,2,3,2,3,2,3
81,夏之潮,3,3,2,2,4,3,4,3,4,3,4,3,4,3,4,3,4,3,4,3,3,3,3,3,3,3
75,夏之潮,3,2,2,2,2,5,4,5,1,3,3,3,3,3,3,3,4,3,4,3,3,3,4,3,4,3
72,夏之潮,14,1,3,4,4,4,4,3,2,2,2,4,3,2,3,3,4,4,2,2,2,2,2,3,2,3
71,夏之潮,1,1,2,4,4,3,4,4,4,4,4,4,4,3,4,3,4,4,4,4,3,4,3,4,2,4
67,夏之潮,3,1,2,4,4,3,4,4,4,3,3,4,4,3,4,3,3,3,3,3,3,3,4,5,2,4
66,夏之潮,1,1,2,4,3,3,4,4,3,3,3,4,4,3,4,3,3,3,3,4,3,3,3,4,4,5
64,夏之潮,1,2,1,4,4,4,4,4,4,3,3,4,4,3,4,5,1,4,3,3,3,4,3,4,3,4
63,夏之潮,1,1,3,4,4,5,4,5,5,3,4,5,5,3,4,5,1,5,3,3,3,4,3,4,2,4
62,夏之潮,6,3,1,4,4,5,4,4,4,3,3,4,4,2,5,5,1,5,3,3,3,4,3,4,2,5
61,夏之潮,1,2,2,5,5,4,4,3,3,4,3,4,4,3,5,5,1,5,3,3,3,4,3,4,2,4
60,廖雪钞,8,1,4,5,4,3,4,3,2,3,3,3,3,3,3,3,1,4,2,3,2,3,3,4,4,3
59,廖雪钞,8,3,4,4,1,4,4,4,4,3,3,3,3,2,3,5,3,5,2,2,2,3,3,4,3,4
58,廖雪钞,1,1,4,4,3,3,4,2,4,3,2,2,2,2,3,3,1,3,3,2,2,3,2,2,4,3
56,廖雪钞,1,1,4,5,5,5,4,3,4,3,3,5,5,3,4,5,1,5,2,4,3,4,4,5,2,4
44,廖雪钞,15,1,2,4,5,4,4,3,3,2,2,3,4,3,4,3,2,4,2,3,2,3,3,4,3,4
42,廖雪钞,1,1,2,1,2,3,4,1,2,3,4,1,2,3,4,1,2,3,4,1,2,3,4,1,2,3
39,廖雪钞,3,1,2,1,4,4,4,4,5,3,3,4,4,3,4,5,1,4,4,4,3,4,3,5,3,4
37,廖雪钞,1,1,2,5,5,5,4,4,5,4,3,4,4,2,3,2,3,4,4,4,2,3,4,5,4,5
34,廖雪钞,2,3,2,5,5,5,4,5,5,3,3,4,3,1,5,5,1,4,3,4,3,3,4,5,2,4
13,黄明军,1,1,1,5,4,3,4,1,4,3,3,3,3,#NULL!,1,5,3,1,2,3,2,3,2,5,1,4
11,黄明军,4,1,3,3,3,3,4,2,3,3,3,3,3,3,4,4,1,3,3,4,3,3,2,4,2,4
10,黄明军,1,1,2,4,5,4,4,4,5,3,4,4,4,2,4,4,2,4,4,3,3,4,3,4,2,4
9,黄明军,1,1,1,5,5,3,4,3,3,3,3,3,4,3,4,5,1,4,4,3,3,4,4,4,2,4
6,黄明军,3,1,1,5,4,5,4,4,4,3,3,4,4,2,4,5,1,4,3,3,3,4,4,4,4,4
5,黄明军,15,1,3,4,2,4,4,4,4,3,3,3,4,3,2,4,3,3,2,3,3,1,2,4,2,4
3,黄明军,1,1,1,4,4,4,4,3,4,3,3,4,3,2,3,5,1,5,2,2,3,4,3,4,2,4
2,黄明军,1,1,2,5,5,5,4,3,5,3,4,4,4,2,4,5,1,4,3,4,3,4,4,5,2,2
855,乔玮,7,1,4,5,4,4,5,3,4,3,3,4,3,3,3,5,1,4,3,3,3,3,3,4,2,4
825,马琴,17,3,1,5,5,5,5,5,5,3,4,5,5,3,4,5,1,4,2,3,3,4,4,5,4,5
752,刘婷,5,1,2,5,5,5,5,5,5,3,4,5,5,4,5,5,1,4,4,4,3,4,4,5,2,5
729,单凤香,8,1,1,3,4,4,5,4,4,3,3,4,4,3,3,4,1,4,2,2,2,1,3,4,3,4
548,洪炜琼,1,1,1,5,4,5,5,5,4,3,2,4,5,3,4,5,1,4,1,4,2,4,4,3,2,4
494,龚启航,1,1,1,5,5,5,5,5,5,3,4,4,5,2,5,5,1,4,4,4,3,4,4,5,2,5
243,凌灿,1,1,1,5,5,5,5,5,5,4,3,5,5,4,5,5,1,5,4,4,2,4,4,5,2,5
891,张璐婷,3,1,2,4,5,5,5,5,4,3,2,4,3,4,5,5,4,4,4,4,3,4,4,5,3,5
823,马琴,4,1,4,5,5,5,5,5,2,3,3,4,4,3,5,4,4,4,4,4,3,4,3,4,4,4
657,杨惠B,3,1,1,2,4,5,5,5,5,3,3,3,3,2,5,4,4,4,4,4,2,3,3,5,1,5
575,袁春华,3,1,2,5,4,4,5,4,3,3,3,4,4,3,5,5,4,5,2,4,3,4,4,4,2,5
557,刘立,6,1,2,4,4,4,5,3,3,2,2,3,4,1,2,4,4,1,3,2,3,1,2,4,3,4
541,郑盼,1,1,3,5,5,5,5,5,5,4,3,4,4,3,4,4,4,4,4,3,3,3,3,2,4,4
508,龚启航,2,1,3,2,1,4,5,3,2,1,3,3,5,2,1,4,4,4,2,3,3,3,1,3,3,5
504,龚启航,2,1,4,5,5,5,5,5,5,4,4,4,4,3,4,4,4,4,3,3,3,4,3,4,3,4
486,龚启航,17,1,3,4,2,1,5,4,5,3,3,5,4,4,3,5,4,5,4,3,2,3,4,3,3,4
461,师现衡,1,2,3,5,5,5,5,5,5,4,4,4,5,4,5,5,4,5,4,4,3,4,4,5,2,5
435,郭廉卿,1,1,1,5,4,5,5,4,2,4,4,4,4,4,3,4,4,3,4,4,3,4,4,5,4,5
419,张清逸,5,1,1,3,3,4,5,5,4,4,4,4,4,4,4,4,4,4,4,4,3,4,4,4,4,4
349,马子越,1,1,2,5,5,5,5,5,5,4,4,4,4,4,4,4,4,4,4,4,3,4,4,3,4,3
341,马子越,3,1,1,5,5,5,5,5,5,4,4,4,4,4,4,4,4,5,1,4,3,4,4,5,3,5
340,马子越,5,1,1,5,5,5,5,5,5,4,4,5,5,4,4,4,4,4,4,4,3,4,4,4,3,5
338,马子越,2,1,1,5,5,5,5,5,5,4,4,4,4,4,4,4,4,5,4,3,3,1,3,3,3,5
325,马英琦,1,1,2,4,5,4,5,4,5,4,4,5,5,3,4,5,4,3,4,3,3,3,1,5,3,5
318,马英琦,1,3,2,5,5,5,5,4,5,3,4,4,4,4,4,4,4,4,4,4,1,4,4,3,4,3
310,马英琦,1,1,2,5,5,4,5,5,5,3,4,4,5,4,4,4,4,5,1,4,3,4,4,1,3,5
309,马英琦,1,1,1,5,5,5,5,5,5,4,4,5,5,4,4,4,4,4,4,2,3,4,4,4,3,5
307,马英琦,11,2,1,5,5,4,5,5,5,3,4,4,4,4,4,4,4,4,3,3,1,1,3,1,3,5
279,袁帝航,3,1,2,5,5,4,5,5,4,4,3,4,3,3,4,4,4,5,4,2,3,4,3,4,3,4
249,凌灿,4,1,1,5,3,4,5,5,4,4,3,5,5,1,4,5,4,5,4,2,2,4,2,4,2,4
211,吴桐,2,1,0,4,4,5,5,3,3,3,3,4,4,3,1,5,4,4,3,3,3,2,3,4,2,3
162,罗少良,3,1,3,5,5,5,5,5,5,4,4,5,5,4,5,4,4,3,4,4,3,4,3,5,3,2
119,蔡远亮,1,2,1,5,3,4,5,4,4,4,3,4,4,3,4,5,4,3,4,3,3,3,4,3,4,4
116,蔡远亮,5,1,1,3,3,4,5,5,4,4,4,4,4,4,4,4,4,4,4,4,3,4,4,4,4,4
49,廖雪钞,1,1,2,5,4,5,5,5,5,4,4,4,4,3,4,4,4,4,2,2,2,4,4,5,3,5
895,张璐婷,26,4,2,4,4,4,5,3,3,3,2,5,5,2,4,4,2,4,3,4,3,4,4,5,2,5
894,张璐婷,14,1,2,2,4,5,5,4,4,3,3,4,4,3,4,5,1,5,3,4,3,4,4,4,2,3
893,张璐婷,15,1,2,4,4,5,5,4,5,3,2,4,4,2,5,4,1,4,3,3,3,4,4,5,2,5
890,安娜,1,1,2,2,3,3,5,5,4,2,2,3,4,2,3,3,2,3,2,3,2,4,4,4,3,2
888,安娜,6,1,2,4,4,5,5,4,5,2,2,4,3,2,4,4,2,5,2,4,3,3,4,4,3,4
885,安娜,1,1,2,5,5,5,5,3,5,3,3,3,3,3,5,5,1,3,3,4,3,4,4,3,4,3
884,安娜,1,3,0,5,5,5,5,5,5,2,2,4,4,3,4,5,1,5,3,3,2,4,4,5,4,5
883,安娜,3,1,3,4,4,4,5,3,4,3,3,4,4,3,5,5,1,4,3,4,3,4,3,5,2,5
882,安娜,5,1,2,4,5,5,5,3,5,2,2,5,5,2,3,5,1,2,1,4,2,3,4,5,3,5
881,安娜,3,1,2,4,5,5,5,4,4,3,3,4,5,3,5,5,1,5,4,4,3,4,4,5,4,5
879,杜晓霜,3,1,2,3,5,1,5,4,4,2,3,4,4,3,5,4,1,4,2,4,3,4,3,5,4,5
878,杜晓霜,7,1,3,4,5,5,5,3,5,3,3,4,5,2,5,5,1,4,3,4,3,4,4,5,2,5
876,杜晓霜,1,1,2,5,4,5,5,4,4,3,3,4,4,3,5,5,1,4,2,3,3,4,4,5,3,5
875,杜晓霜,15,1,2,5,4,5,5,3,5,3,3,4,4,4,4,5,1,4,2,4,3,4,4,5,3,5
874,杜晓霜,5,1,2,4,4,5,5,3,3,3,3,3,3,3,5,5,1,4,2,3,2,3,3,5,2,4
873,杜晓霜,1,2,2,5,5,5,5,5,5,4,4,5,5,4,5,5,1,5,4,4,3,4,1,5,1,5
872,杜晓霜,1,4,2,5,5,5,5,5,5,2,2,4,5,2,5,5,1,4,2,4,3,4,4,4,4,5
871,杜晓霜,1,1,3,5,5,4,5,3,4,3,3,3,4,3,3,3,1,4,2,2,3,1,4,4,3,4
869,古丽娜孜,1,2,3,4,5,4,5,2,4,3,3,3,3,2,2,3,3,3,2,3,2,1,3,2,1,4
868,古丽娜孜,8,1,2,4,4,3,5,3,3,3,2,3,3,3,3,2,2,4,2,3,3,3,3,4,3,4
866,古丽娜孜,12,1,1,5,5,5,5,3,4,2,2,3,4,3,5,4,1,4,3,4,3,4,4,4,3,5
864,古丽娜孜,7,1,3,2,4,5,5,2,4,4,4,4,4,3,4,4,1,5,3,4,3,3,4,5,2,4
863,古丽娜孜,3,1,4,3,4,5,5,2,5,3,3,4,4,2,4,4,1,3,2,4,3,4,4,5,3,5
859,乔玮,8,1,2,4,5,5,5,4,5,4,3,4,4,3,5,4,1,5,4,2,3,4,3,5,2,5
858,乔玮,1,1,4,5,4,5,5,5,4,3,3,4,5,3,4,1,5,3,4,3,3,4,3,2,2,5
857,乔玮,3,1,4,4,4,5,5,4,4,2,3,3,5,2,5,5,1,4,3,4,3,3,3,4,2,5
856,乔玮,4,2,3,4,3,4,5,4,5,2,2,3,4,2,3,2,1,3,4,4,3,4,3,5,3,5
854,乔玮,15,1,4,5,4,5,5,4,2,3,3,5,5,3,5,5,1,5,3,4,3,4,4,5,3,5
853,乔玮,3,3,4,4,5,5,5,5,4,3,3,4,4,3,4,4,1,3,2,4,3,3,4,4,3,4
851,乔玮,8,1,4,5,4,5,5,4,4,3,2,4,4,3,5,5,1,5,3,3,3,3,3,5,4,5
849,陈秋宇,1,1,4,5,5,5,5,4,5,3,3,4,4,3,4,4,1,4,3,4,3,4,3,4,3,4
848,陈秋宇,1,2,4,5,5,5,5,4,5,3,3,4,5,3,5,5,1,4,3,3,2,4,2,4,3,5
847,陈秋宇,3,3,4,5,5,5,5,3,3,4,3,4,4,2,5,5,1,4,2,4,3,4,3,4,2,4
845,陈秋宇,8,2,4,3,4,4,5,3,4,3,3,3,3,2,4,4,3,4,3,3,2,3,3,4,3,4
844,陈秋宇,15,1,2,3,3,4,5,2,3,3,2,3,2,1,3,2,1,3,1,3,3,3,3,5,2,4
843,陈秋宇,3,1,1,4,4,4,5,2,5,3,3,2,3,2,3,2,3,3,2,3,2,3,4,4,2,4
840,才何卓玛,3,1,1,3,5,5,5,4,4,3,3,3,3,3,4,5,1,4,3,4,3,3,4,4,2,4
834,才何卓玛,1,2,1,5,5,5,5,5,5,3,3,4,4,3,5,5,1,5,3,4,3,4,4,4,2,5
833,才何卓玛,12,1,1,5,5,5,5,4,4,3,3,4,4,2,5,5,1,5,3,4,3,4,2,5,2,4
832,才何卓玛,13,1,1,4,3,5,5,4,5,3,4,4,4,2,4,4,1,5,3,4,3,4,4,5,2,5
831,才何卓玛,4,1,1,4,4,5,5,5,5,4,3,4,5,3,5,5,1,4,2,4,3,4,4,5,2,5
830,马琴,1,1,2,5,5,5,5,5,4,3,3,4,4,2,5,5,1,5,3,4,3,4,4,4,2,5
829,马琴,1,1,2,5,4,5,5,4,4,3,3,4,4,3,4,4,1,4,3,4,3,4,4,5,4,4
828,马琴,1,1,1,5,4,5,5,5,4,3,3,4,4,4,4,5,1,4,3,4,2,4,4,5,2,5
827,马琴,15,1,2,4,4,4,5,4,3,3,2,4,4,3,5,5,1,5,4,4,3,3,4,4,3,4
826,马琴,1,1,2,5,4,5,5,4,2,4,2,4,4,4,5,5,1,4,3,4,3,4,4,5,4,5
824,马琴,3,2,4,3,4,4,5,3,4,2,2,3,4,2,3,3,1,3,3,3,3,1,3,4,4,4
822,马琴,3,1,1,5,5,4,5,5,4,3,3,4,4,3,5,5,1,5,2,4,3,4,3,4,4,4
821,马琴,1,1,2,5,5,5,5,5,4,4,3,3,4,2,5,5,1,4,4,4,2,3,4,5,4,5
820,张春敏,1,1,2,4,4,4,5,2,3,3,3,4,5,3,4,5,1,5,2,4,3,4,4,5,3,5
818,张春敏,3,1,1,4,4,4,5,4,4,3,3,4,4,2,3,4,1,4,3,4,3,3,4,5,4,4
817,张春敏,9,3,1,3,4,4,5,2,5,3,3,3,4,3,5,5,1,4,2,4,2,3,4,4,3,4
816,张春敏,8,1,1,5,5,5,5,4,4,3,2,4,3,2,5,4,1,3,2,4,3,4,4,5,2,5
815,张春敏,15,1,2,5,5,5,5,4,5,3,3,5,5,4,5,5,1,5,3,4,3,4,4,5,2,5
814,张春敏,1,1,2,3,4,5,5,4,5,3,3,3,3,2,4,4,1,3,4,4,3,4,4,5,4,5
813,张春敏,1,1,3,4,4,5,5,5,5,3,2,5,4,3,5,5,1,4,1,4,3,4,4,5,2,5
812,张春敏,2,1,3,5,5,5,5,4,4,3,3,4,4,3,5,5,1,5,3,4,3,4,4,4,2,4
809,张玉梅,1,2,3,5,4,5,5,4,5,4,4,4,4,3,5,5,1,4,4,4,3,4,4,5,2,5
808,张玉梅,3,1,3,5,5,5,5,4,4,2,3,4,5,2,5,5,1,4,1,4,3,4,4,5,2,5
807,张玉梅,15,1,2,5,5,5,5,5,4,3,3,4,4,3,4,5,1,4,2,3,2,4,3,4,3,5
806,张玉梅,7,1,1,4,4,5,5,5,4,2,2,4,3,2,4,5,1,4,2,3,2,3,4,4,2,4
805,张玉梅,4,1,4,5,5,4,5,4,5,4,4,4,5,3,4,5,1,4,3,4,3,4,4,5,2,5
804,张玉梅,97,1,2,5,4,4,5,4,4,3,3,4,4,3,4,5,1,5,2,4,2,4,4,5,4,5
803,张玉梅,3,1,2,5,4,4,5,3,4,3,2,4,4,2,5,5,1,4,3,4,3,3,2,4,4,4
802,张玉梅,1,1,3,3,4,5,5,4,5,3,2,3,4,2,4,5,1,5,3,4,2,3,3,4,3,5
801,张玉梅,1,1,3,4,4,5,5,5,5,3,2,3,4,2,4,4,1,3,3,4,3,3,4,5,2,5
800,李金桃,3,1,1,5,5,5,5,5,5,3,3,5,5,3,5,5,1,5,4,4,3,4,4,5,2,5
798,李金桃,8,1,4,2,4,5,5,5,4,3,3,3,1,1,5,4,1,2,3,4,3,3,4,5,3,5
797,李金桃,1,1,1,5,4,5,5,4,5,3,2,4,4,2,5,5,1,4,3,4,3,4,3,5,2,5
796,李金桃,1,1,1,4,5,4,5,3,4,3,3,4,4,2,3,2,1,4,3,3,3,4,4,5,4,3
795,李金桃,1,1,1,5,5,5,5,5,5,4,3,4,4,3,5,5,1,3,4,4,3,4,4,5,2,5
794,李金桃,1,1,2,5,5,4,5,5,4,3,3,4,5,3,4,5,1,5,3,4,3,4,4,5,3,4
788,梁希圆,4,1,4,3,4,5,5,5,3,2,3,4,4,3,5,5,1,5,3,4,3,4,4,5,2,5
786,梁希圆,3,1,2,5,4,4,5,4,4,3,3,4,3,2,4,5,3,5,3,2,3,4,3,4,4,4
785,梁希圆,2,1,3,3,4,5,5,4,5,3,3,4,4,2,4,5,1,4,2,4,3,4,4,4,2,5
781,梁希圆,3,1,2,5,5,4,5,3,4,3,3,3,4,3,4,4,2,4,3,4,3,3,4,4,4,3
780,童艳娟,47,1,2,4,3,5,5,4,3,2,3,4,4,3,4,5,1,5,2,4,2,3,3,5,3,5
779,童艳娟,5,1,2,4,5,5,5,3,3,2,2,5,5,2,3,5,1,3,1,4,3,3,4,5,3,5
778,童艳娟,6,1,2,5,5,5,5,4,1,4,3,4,4,2,5,5,1,4,4,4,3,3,3,4,3,4
775,童艳娟,16,1,1,5,3,4,5,4,3,3,3,3,3,3,5,5,1,4,2,4,3,4,4,5,2,4
774,童艳娟,22,1,1,5,5,5,5,2,2,4,2,4,4,2,5,5,1,4,1,1,3,4,4,4,2,4
773,童艳娟,17,1,1,5,5,5,5,5,5,3,3,5,5,4,5,5,1,5,3,4,3,4,4,5,2,5
772,童艳娟,8,1,1,5,4,4,5,4,3,2,2,4,4,3,5,5,1,5,3,4,3,3,3,5,2,4
771,童艳娟,14,1,1,5,5,5,5,4,5,3,3,4,4,3,4,5,1,5,3,4,3,4,3,5,3,5
762,马琪,3,1,3,5,5,5,5,4,5,3,3,4,4,3,5,5,1,5,4,4,3,4,4,5,2,5
760,刘婷,2,1,1,5,5,5,5,4,5,2,3,4,4,3,5,5,1,5,3,4,2,4,4,5,4,5
757,刘婷,5,1,1,5,5,5,5,5,5,3,3,4,4,3,5,5,1,4,1,4,3,4,4,5,2,5
755,刘婷,17,1,2,5,5,4,5,4,2,3,4,4,4,4,5,5,1,5,2,4,3,4,4,5,4,4
754,刘婷,5,1,2,5,5,5,5,4,4,3,3,4,5,3,4,4,1,5,4,4,3,4,4,5,2,5
751,刘婷,5,1,1,4,4,5,5,5,4,3,4,5,5,4,5,5,1,5,4,4,3,4,4,5,2,5
748,黄婷,1,3,2,5,5,5,5,4,5,4,3,4,5,2,4,4,1,4,2,4,3,4,1,2,4,4
747,黄婷,1,2,3,4,4,5,5,5,5,3,3,4,4,3,5,5,1,4,2,3,3,4,3,5,2,5
745,黄婷,15,1,1,5,4,5,5,1,3,3,2,4,3,2,3,3,3,2,2,3,2,3,4,4,3,4
744,黄婷,3,1,1,5,5,5,5,4,4,3,3,4,4,1,5,5,1,4,4,4,3,4,4,4,2,4
741,黄婷,14,1,1,1,4,4,5,5,4,3,3,3,4,3,5,4,1,4,4,4,3,4,4,5,3,5
740,于童,1,1,1,5,5,5,5,2,2,4,4,4,4,2,5,5,1,4,1,1,3,4,4,5,1,5
739,于童,15,1,1,5,5,5,5,2,3,3,4,4,5,2,5,5,1,5,4,4,3,4,4,5,2,5
738,于童,1,1,2,5,5,5,5,5,3,4,3,5,5,3,5,5,1,5,4,4,3,3,4,4,2,5
735,于童,1,1,1,5,5,5,5,4,4,4,3,5,5,3,5,5,1,5,4,4,3,4,4,4,2,5
733,于童,3,1,1,4,5,4,5,4,4,3,3,5,5,3,5,5,2,5,3,4,3,3,3,5,3,4
732,于童,1,1,1,5,5,5,5,4,4,4,3,5,5,3,5,5,1,5,4,4,3,4,4,4,2,5
730,单凤香,8,1,1,4,5,4,5,4,4,2,2,4,4,3,4,4,2,4,2,3,2,3,3,4,4,4
728,单凤香,1,1,1,5,4,5,5,5,5,3,3,5,5,4,5,5,1,5,4,4,3,4,4,5,2,5
727,单凤香,4,1,1,5,4,5,5,5,4,3,3,5,5,4,5,5,1,5,4,4,3,4,4,5,2,5
726,单凤香,1,1,1,3,3,4,5,3,1,3,2,3,3,2,4,4,1,5,2,2,3,1,3,4,2,4
725,单凤香,8,1,1,3,4,4,5,2,4,3,2,4,4,2,5,5,1,4,2,4,3,4,4,4,4,4
724,单凤香,1,1,1,3,5,5,5,5,5,4,3,5,5,3,5,5,1,5,1,4,3,4,4,5,4,5
722,单凤香,1,1,1,5,4,4,5,4,5,3,3,4,4,3,5,5,1,4,3,4,3,3,2,5,3,4
721,单凤香,3,1,1,5,4,5,5,3,4,3,3,4,4,3,5,5,1,4,1,4,3,4,4,5,2,4
720,单凤香,15,1,1,5,5,5,5,5,5,3,3,5,5,4,5,5,1,5,3,4,3,4,4,5,2,5
717,林硕,3,1,3,4,4,5,5,4,4,3,3,4,4,2,4,5,1,4,3,4,3,1,4,5,2,5
715,林硕,1,1,3,4,4,4,5,5,4,3,2,4,3,3,4,4,1,4,3,4,3,4,4,4,3,4
714,林硕,1,1,2,4,4,5,5,4,2,3,3,4,4,2,4,3,1,4,4,4,2,3,3,3,2,5
713,林硕,3,1,4,5,4,4,5,5,5,4,4,5,5,4,5,5,1,5,1,4,3,4,4,5,2,5
712,林硕,3,1,4,5,5,4,5,2,2,2,2,3,3,1,2,1,4,4,2,2,3,1,4,5,2,4
711,林硕,1,2,4,4,4,5,5,3,5,3,3,4,5,3,5,5,1,5,3,3,3,4,3,5,2,4
709,林硕,2,1,4,4,5,5,5,5,5,3,3,4,4,4,4,5,1,5,3,4,3,4,4,5,2,5
708,贾浩,1,1,3,4,4,5,5,3,3,3,3,4,5,2,5,5,1,5,3,4,3,4,4,5,4,4
707,贾浩,19,2,3,4,5,5,5,5,4,3,2,4,5,2,5,5,1,5,2,4,3,4,4,5,2,5
706,贾浩,8,1,4,2,4,5,5,5,5,4,4,4,4,2,5,5,1,4,3,4,3,3,3,5,4,5
705,贾浩,1,1,4,5,5,5,5,5,5,4,4,5,5,4,5,5,1,5,4,4,3,4,4,5,2,5
704,贾浩,3,2,3,5,5,3,5,4,5,3,3,4,3,2,5,5,1,4,2,4,3,3,4,5,2,4
702,贾浩,1,1,2,5,4,5,5,2,3,2,2,3,4,3,5,4,2,5,2,4,3,4,4,5,4,4
701,贾浩,1,2,4,5,5,5,5,5,4,3,2,4,5,3,5,4,1,4,4,4,3,4,4,5,2,5
700,贾浩,5,1,1,5,4,4,5,3,4,3,4,4,5,4,5,5,1,4,4,4,3,4,4,5,2,5
699,贾浩,6,1,3,5,5,5,5,3,5,2,2,4,4,3,4,5,1,4,3,3,3,1,4,4,4,4
698,贾浩,1,1,2,3,5,5,5,4,5,2,2,4,5,1,5,5,1,4,2,4,3,4,4,5,4,5
697,王亚萍,1,1,1,4,4,5,5,3,4,3,2,4,5,3,4,5,1,4,3,4,3,4,3,5,2,5
695,王亚萍,3,1,1,5,5,5,5,4,5,3,2,4,5,3,4,5,1,5,2,4,3,4,4,5,4,4
694,王亚萍,1,2,4,5,4,1,5,4,5,3,3,4,4,3,5,5,1,5,3,4,2,4,4,5,4,4
692,王亚萍,1,2,3,5,4,5,5,5,5,3,3,4,5,4,5,5,1,5,4,4,3,4,4,4,4,5
687,王亚萍,4,1,2,5,5,5,5,5,4,3,2,4,3,4,5,5,1,4,2,4,3,4,4,5,3,5
686,刘利,1,1,2,4,3,5,5,4,4,3,3,4,4,2,4,4,1,4,3,4,3,4,4,4,4,4
685,刘利,3,3,1,5,5,5,5,4,5,3,2,5,5,4,5,5,1,4,4,4,3,4,4,5,4,4
684,刘利,1,1,2,5,4,5,5,3,5,3,3,3,2,2,5,4,1,4,2,4,2,3,3,4,3,4
682,刘利,1,1,2,5,4,4,5,4,4,3,3,3,3,2,3,3,3,4,3,3,3,2,4,4,4,4
680,刘利,15,1,2,5,5,5,5,5,4,3,3,4,4,4,5,5,1,5,4,4,3,4,4,5,2,5
679,刘利,15,1,2,5,4,5,5,5,4,3,3,4,4,3,4,5,1,5,1,4,2,3,4,5,1,4
676,刘利,5,1,2,5,5,4,5,3,5,3,3,3,5,4,5,5,1,5,4,4,3,4,4,5,4,5
675,白露,1,2,3,5,4,4,5,3,5,4,2,4,4,4,3,5,1,4,4,3,3,4,4,4,2,4
673,白露,1,1,3,2,4,4,5,5,4,3,3,4,4,3,4,4,1,4,3,4,2,3,3,4,3,4
668,白露,1,4,3,5,4,5,5,5,5,3,3,4,4,2,5,5,1,4,4,4,3,4,3,5,4,5
666,白露,1,3,3,2,5,3,5,4,5,3,3,3,3,4,3,2,3,4,2,4,3,3,3,5,3,4
665,白露,1,1,2,5,5,5,5,4,5,3,3,5,5,3,5,5,1,4,3,4,3,4,4,5,2,5
662,杨惠B,6,1,1,5,5,5,5,5,5,4,4,4,5,2,4,5,1,5,2,4,2,4,4,5,3,5
661,杨惠B,36,1,1,5,5,5,5,4,3,3,3,3,4,2,4,5,1,5,2,4,2,4,4,5,3,5
660,杨惠B,2,1,1,5,2,5,5,5,5,4,3,4,4,3,4,5,1,5,3,4,3,4,4,5,3,5
659,杨惠B,3,1,1,4,4,4,5,4,5,3,3,4,4,3,4,5,1,4,3,4,2,4,4,4,2,4
658,杨惠B,3,2,1,4,4,4,5,3,4,3,2,3,2,2,3,2,2,3,2,4,3,3,4,5,3,4
655,杨惠B,7,1,3,4,5,5,5,5,4,4,3,4,5,3,5,5,1,4,4,4,2,4,4,5,3,5
654,杨惠B,6,1,3,4,5,5,5,5,5,3,3,4,3,3,5,5,2,5,3,4,2,4,3,5,3,5
653,普晨敏,3,1,2,4,5,5,5,4,5,3,3,5,4,3,5,5,1,4,3,4,2,4,4,5,4,5
652,普晨敏,5,1,4,4,3,5,5,5,5,3,3,5,5,4,5,5,1,5,4,4,2,4,4,5,4,5
651,普晨敏,3,3,4,5,4,5,5,5,5,4,3,4,4,3,5,4,1,4,4,4,3,3,3,5,3,5
650,普晨敏,3,1,2,5,4,5,5,4,5,3,3,5,5,2,5,4,3,5,3,4,3,4,4,5,4,5
649,普晨敏,3,1,2,4,4,4,5,4,5,3,3,4,4,3,4,3,1,4,2,4,3,4,4,3,2,4
647,普晨敏,2,2,2,5,5,5,5,5,5,4,4,5,5,3,5,5,1,4,3,4,3,4,4,5,2,5
642,李昱,1,1,1,4,5,4,5,3,4,3,3,4,4,2,3,4,1,4,2,4,2,3,3,4,3,4
639,李昱,1,1,1,5,4,5,5,3,4,4,3,4,4,3,4,5,1,4,3,4,2,4,4,5,3,4
638,李昱,4,1,1,3,3,4,5,4,4,3,3,4,4,3,4,5,2,4,3,4,3,1,4,4,2,4
637,李昱,1,1,1,4,4,5,5,5,4,3,3,4,4,2,4,5,3,4,4,4,3,3,4,5,4,5
635,李昱,6,1,1,5,4,5,5,3,5,3,3,4,3,2,3,4,3,4,4,4,3,1,4,5,4,5
634,李昱,6,1,1,4,3,4,5,4,5,3,3,3,3,2,3,3,2,3,3,2,3,3,4,5,2,4
633,李昱,1,1,1,3,4,5,5,4,4,3,3,4,4,3,5,4,1,4,2,4,3,4,4,4,4,4
631,周欢,3,1,1,5,4,4,5,3,4,3,3,4,5,3,5,5,1,5,3,4,3,4,4,4,2,4
629,周欢,1,1,1,5,5,5,5,5,5,3,3,5,5,3,5,5,1,5,3,4,3,4,4,5,2,5
627,周欢,1,1,1,5,5,5,5,5,5,3,3,5,5,4,5,5,1,4,3,4,3,4,4,5,3,5
626,周欢,15,1,1,5,5,5,5,5,5,3,3,4,4,3,5,5,1,5,4,4,3,4,4,5,2,5
625,周欢,1,1,1,2,5,2,5,4,5,3,2,4,4,3,4,5,1,4,4,4,3,4,4,5,4,5
620,贾娜,4,1,4,3,4,3,5,2,3,3,3,4,4,3,3,5,1,4,3,4,3,4,4,5,2,4
619,贾娜,6,1,4,5,5,5,5,5,4,3,3,4,4,3,3,4,1,4,3,4,3,4,3,4,4,4
618,贾娜,1,2,4,5,4,4,5,4,4,3,3,4,4,2,2,5,1,5,2,3,3,3,2,4,4,2
614,贾娜,8,1,4,4,5,4,5,4,4,3,3,4,4,2,5,5,1,4,3,4,3,4,3,4,4,4
613,贾娜,1,1,4,4,5,4,5,4,3,2,3,3,3,2,3,3,1,3,3,3,3,3,3,5,4,4
605,庞丽梅,5,1,3,5,5,5,5,5,5,3,3,5,5,4,5,5,1,5,4,4,3,4,4,5,2,5
604,庞丽梅,5,1,3,5,5,5,5,5,4,3,3,5,5,3,5,5,1,5,4,4,3,4,4,5,2,5
601,庞丽梅,1,1,2,5,4,5,5,4,5,4,3,5,5,3,5,5,1,5,4,4,3,4,4,5,2,5
600,庞丽梅,5,1,4,3,5,5,5,4,5,3,3,4,4,3,5,5,2,4,3,4,3,4,4,5,3,4
599,庞丽梅,1,1,2,5,5,5,5,5,4,3,2,4,3,4,5,5,1,4,2,4,3,4,4,5,3,5
595,廖晓莹,6,2,3,3,5,4,5,2,5,3,3,3,2,1,3,1,1,3,2,3,3,4,3,4,1,4
594,廖晓莹,4,2,2,4,5,5,5,5,5,3,3,4,4,3,5,5,1,5,4,4,3,4,4,5,2,5
586,李莹莹,1,1,3,3,4,4,5,2,5,2,2,4,4,2,4,4,1,4,1,4,2,4,4,5,4,4
585,李莹莹,15,2,3,5,5,5,5,5,5,4,3,5,5,2,5,5,1,5,4,4,3,4,4,4,2,5
583,李莹莹,12,1,3,5,4,3,5,3,5,3,3,3,4,2,5,4,1,5,1,4,3,4,4,5,4,3
581,李莹莹,1,1,2,4,5,4,5,2,4,3,3,4,4,2,5,5,1,4,3,4,2,4,4,4,2,4
580,李莹莹,1,3,2,5,4,4,5,5,5,3,3,3,3,2,4,5,1,4,3,3,2,1,4,4,3,4
577,李莹莹,1,1,2,5,3,3,5,2,5,3,3,3,3,3,3,4,1,2,1,4,3,3,4,5,3,5
568,袁春华,1,1,1,5,4,5,5,3,4,3,3,4,4,2,4,4,1,4,4,4,3,3,4,5,3,5
567,袁春华,1,3,3,4,4,5,5,5,5,3,3,4,4,3,4,5,1,4,3,4,3,3,2,5,3,5
565,刘立,14,1,4,5,4,5,5,4,5,3,3,4,4,3,5,5,1,4,4,4,2,4,4,5,4,4
562,刘立,1,1,1,4,4,5,5,5,3,3,3,3,4,3,5,4,1,4,3,4,1,4,4,5,4,4
561,刘立,6,3,1,5,5,5,5,5,1,2,3,5,5,3,5,5,2,5,3,4,2,4,4,5,2,5
558,刘立,1,2,3,4,4,4,5,4,2,2,3,4,3,3,3,2,1,4,2,2,2,4,1,4,3,2
556,刘立,15,1,3,5,4,5,5,5,4,2,2,4,3,3,4,4,1,5,4,4,3,4,3,4,3,5
555,刘立,1,1,2,5,5,5,5,2,5,2,2,4,4,3,3,3,1,4,2,4,3,4,3,4,2,4
553,洪炜琼,1,1,1,5,5,5,5,5,5,2,2,3,5,3,4,5,1,5,4,4,3,4,4,4,3,5
552,洪炜琼,8,1,1,4,5,5,5,4,5,4,3,4,4,3,4,5,1,4,3,4,3,4,4,5,3,5
551,洪炜琼,8,1,1,3,4,4,5,5,4,4,3,4,4,3,5,5,1,4,2,4,3,3,4,4,4,5
549,洪炜琼,6,1,1,4,3,4,5,3,4,2,2,3,3,2,3,4,1,3,1,3,2,2,4,5,2,4
547,洪炜琼,8,1,1,3,4,4,5,3,4,3,2,3,3,2,3,2,1,3,3,4,2,3,3,4,2,4
546,洪炜琼,1,1,1,5,4,4,5,3,5,3,2,4,3,2,2,5,1,5,3,4,2,4,4,4,2,5
543,郑盼,1,1,2,2,4,5,5,4,3,3,2,4,3,2,4,5,1,4,2,2,3,4,4,5,3,4
532,马小兰,2,1,1,5,4,4,5,5,5,3,4,3,4,4,5,5,1,4,3,4,3,4,4,5,3,5
531,马小兰,6,1,1,5,5,5,5,5,5,3,2,4,5,4,5,5,1,4,4,4,3,4,4,4,4,5
530,马小兰,14,1,4,5,5,5,5,5,5,4,4,5,4,4,5,5,1,5,4,4,3,4,4,5,3,5
528,马小兰,14,1,3,5,4,5,5,4,4,3,3,4,4,3,5,5,1,4,3,4,3,4,4,5,2,4
527,马小兰,8,1,4,4,4,4,5,4,4,3,3,4,4,3,4,5,1,5,3,3,2,4,4,5,2,4
526,马小兰,1,1,4,5,5,5,5,4,5,3,3,4,4,3,5,5,1,5,4,4,3,4,3,5,3,5
522,马小兰,3,1,3,5,4,5,5,4,4,3,3,4,4,3,4,5,1,5,4,4,3,4,4,5,2,5
520,李媛,11,1,1,3,3,4,5,4,4,3,3,5,4,2,4,4,2,4,4,4,2,3,2,4,2,4
519,李媛,1,1,1,5,5,4,5,4,4,4,3,4,4,2,4,5,1,5,2,3,3,3,3,4,3,3
518,李媛,1,1,1,4,4,4,5,3,3,3,2,4,4,3,4,5,1,4,4,4,2,3,3,5,4,4
515,李媛,6,1,1,5,5,5,5,5,5,3,3,4,4,2,5,5,1,4,4,4,3,3,4,5,2,5
514,李媛,14,1,1,4,4,5,5,3,4,3,3,4,4,3,5,5,1,4,4,4,3,4,4,5,4,4
513,李媛,8,1,1,5,5,4,5,4,5,3,2,5,5,4,5,5,1,4,3,4,3,4,4,5,2,4
511,李媛,3,1,1,5,5,5,5,4,4,4,4,5,5,3,5,5,1,5,3,4,3,3,4,5,4,4
503,龚启航,3,1,2,5,5,5,5,5,4,3,3,4,4,2,5,5,1,4,3,3,3,3,4,5,3,5
502,龚启航,3,3,1,5,5,5,5,5,5,3,3,4,5,3,4,5,1,5,4,4,3,4,4,5,3,5
501,龚启航,15,1,3,4,5,4,5,5,2,3,3,4,4,3,4,4,3,3,3,4,3,4,4,5,3,5
500,龚启航,8,3,1,5,1,3,5,5,3,2,2,1,2,2,2,4,1,3,2,2,3,3,3,5,1,1
499,龚启航,1,2,4,5,4,5,5,5,5,3,3,4,4,3,5,5,1,5,3,4,3,4,4,5,3,5
498,龚启航,15,1,1,5,5,5,5,4,4,3,3,4,4,3,5,5,1,4,4,4,3,4,3,5,2,5
497,龚启航,9,3,2,5,5,5,5,4,4,3,3,5,5,3,5,5,1,5,4,4,3,4,4,5,2,5
493,龚启航,3,1,1,1,4,4,5,5,4,4,3,3,4,4,4,3,5,5,1,4,3,4,3,4,4,5
492,龚启航,5,1,1,4,5,5,5,5,5,3,3,4,5,2,5,5,2,4,3,4,3,4,4,5,3,5
491,龚启航,1,1,1,5,5,4,5,4,4,3,3,3,3,3,4,4,1,3,2,2,3,4,4,5,2,5
488,龚启航,3,1,1,4,4,5,5,5,1,3,3,4,4,3,5,5,1,5,4,4,2,3,4,5,3,5
487,龚启航,1,1,1,5,5,5,5,5,5,3,3,5,5,4,5,5,1,5,3,4,3,4,4,5,2,5
484,龚启航,1,1,1,5,5,5,5,5,5,3,3,4,4,2,5,5,1,5,4,4,3,4,4,5,3,5
482,龚启航,8,1,2,4,3,2,5,1,5,3,3,3,3,1,4,1,4,2,1,1,3,3,2,5,3,3
481,龚启航,1,1,2,5,5,5,5,5,4,3,2,4,3,4,5,5,1,4,2,4,3,4,4,5,3,5
479,师现衡,1,1,2,5,5,5,5,4,5,3,2,4,5,3,5,5,1,4,3,4,3,4,4,5,2,5
475,师现衡,1,1,4,5,4,4,5,4,3,3,3,5,4,4,5,4,1,5,3,4,3,4,4,5,2,5
474,师现衡,1,1,4,5,5,5,5,4,4,3,3,4,4,2,5,5,1,4,2,4,1,4,4,4,2,5
473,师现衡,1,1,1,5,5,5,5,5,5,3,3,5,5,3,5,5,1,5,4,4,3,4,4,5,2,5
472,师现衡,1,1,1,5,5,4,5,5,4,3,3,5,5,4,5,5,1,5,3,4,3,4,4,5,2,5
471,师现衡,13,1,1,4,4,4,5,3,3,3,3,3,4,2,4,3,1,4,3,4,3,4,4,4,3,4
470,师现衡,1,1,1,5,4,5,5,3,5,2,3,5,4,2,5,5,1,5,4,4,3,4,4,5,2,5
469,师现衡,3,1,1,3,3,4,5,4,4,3,3,4,4,3,4,5,1,4,3,4,3,3,4,5,2,4
468,师现衡,1,1,1,5,5,5,5,3,5,3,3,4,4,3,4,5,1,4,3,4,2,3,3,5,2,5
467,师现衡,11,1,1,4,4,4,5,4,4,3,3,4,4,3,5,5,1,4,3,4,3,4,4,4,4,4
465,师现衡,3,1,1,5,5,5,5,5,5,3,3,3,3,2,5,5,1,4,4,4,3,4,4,5,2,5
464,师现衡,1,1,3,5,5,5,5,5,5,4,4,5,5,4,5,5,1,5,4,4,3,4,4,5,2,5
463,师现衡,15,1,1,5,3,4,5,4,4,3,2,3,4,3,4,4,1,4,2,4,2,1,4,5,2,5
462,师现衡,1,1,1,4,5,4,5,3,5,3,3,4,5,3,5,5,1,4,3,3,3,4,4,5,2,4
454,师现衡,1,2,3,2,3,4,5,5,3,3,3,4,3,2,3,4,1,3,2,2,3,3,2,4,1,4
446,郭廉卿,33,2,4,1,1,3,5,3,4,3,3,4,4,2,4,4,1,4,4,4,2,4,4,5,2,5
445,郭廉卿,3,2,4,5,5,5,5,4,4,3,3,4,3,2,4,4,2,4,3,3,2,3,3,5,3,4
444,郭廉卿,2,3,4,5,5,5,5,5,3,3,3,4,4,2,5,4,1,5,3,3,2,3,4,5,4,5
440,郭廉卿,1,1,1,5,5,5,5,5,4,3,3,5,5,4,5,5,1,5,4,4,3,4,4,5,2,5
438,郭廉卿,1,1,4,5,5,5,5,5,4,3,4,5,5,2,5,5,2,4,4,3,3,4,3,5,4,5
436,郭廉卿,11,1,1,5,5,5,5,5,5,3,3,5,5,4,5,5,1,5,4,4,3,4,4,5,2,5
434,郭廉卿,1,1,1,3,4,5,5,5,3,3,3,5,5,4,5,5,1,5,4,4,3,4,4,5,2,5
433,郭廉卿,1,1,1,5,5,5,5,5,5,2,2,5,5,3,5,5,1,5,4,4,3,4,4,5,3,5
432,郭廉卿,1,1,1,5,4,5,5,5,5,4,4,5,5,4,5,5,1,5,4,4,3,4,4,5,2,5
430,郭廉卿,1,1,1,4,5,5,5,4,5,3,3,3,4,2,5,4,1,4,3,4,3,3,4,5,4,5
427,郭廉卿,1,1,1,5,5,5,5,3,4,3,3,5,5,3,5,5,1,5,4,4,2,4,4,4,2,4
426,郭廉卿,1,1,1,5,5,5,5,4,5,3,3,4,4,2,5,5,1,5,3,4,2,4,4,5,4,5
423,郭廉卿,1,1,2,5,5,5,5,5,5,3,3,5,5,2,5,5,2,4,3,4,3,4,3,5,3,5
422,郭廉卿,1,1,2,5,4,5,5,5,5,4,2,4,4,3,4,5,1,5,4,4,2,4,4,5,2,5
421,郭廉卿,1,3,2,5,5,5,5,5,5,4,3,5,5,4,5,5,1,5,4,4,3,4,4,3,2,5
415,张清逸,6,3,3,3,2,4,5,4,3,4,3,5,5,4,3,4,3,5,3,3,3,4,4,3,4,4
404,张清逸,5,3,3,4,3,4,5,3,2,2,2,5,3,2,3,3,4,4,2,2,2,2,2,3,2,3
403,张清逸,1,1,2,4,4,4,5,4,4,4,4,4,4,3,4,3,4,4,4,4,3,4,3,4,2,4
402,张清逸,1,2,3,5,4,4,5,4,5,3,3,4,5,3,5,5,1,4,3,4,3,4,4,4,2,4
397,张清逸,3,1,2,4,4,4,5,4,4,3,3,4,4,3,4,3,3,3,3,3,3,3,4,5,2,4
395,张清逸,1,1,3,5,3,5,5,5,5,4,4,5,5,3,5,5,1,5,4,4,3,4,4,5,2,5
391,张清逸,1,2,2,5,5,4,5,3,3,4,3,4,4,3,5,5,1,5,3,3,3,4,3,4,2,4
390,倪磊,15,1,2,4,5,5,5,4,4,3,3,4,5,3,5,5,1,5,3,4,2,4,4,5,2,5
388,倪磊,1,1,2,5,5,5,5,5,4,3,3,5,5,4,5,5,1,5,4,3,2,4,4,5,2,5
387,倪磊,1,1,2,4,5,5,5,3,4,3,3,3,3,2,5,4,1,4,2,4,3,4,4,5,3,5
386,倪磊,3,1,2,4,4,5,5,4,4,3,3,4,4,2,5,5,1,4,3,4,2,4,3,5,3,5
385,倪磊,3,3,2,4,4,3,5,5,5,3,3,2,3,3,4,5,1,4,2,3,2,3,3,4,1,4
384,倪磊,1,1,1,5,5,5,5,5,4,3,3,4,4,3,4,5,1,5,2,4,2,4,3,5,3,4
383,倪磊,1,1,2,4,5,5,5,3,5,3,3,5,5,3,5,5,1,5,3,4,3,4,4,4,4,5
381,倪磊,12,1,2,5,5,5,5,4,4,4,3,3,3,2,4,3,1,5,2,4,3,4,3,4,3,4
377,倪磊,1,1,2,5,4,5,5,5,5,3,3,5,5,3,5,5,1,5,4,4,2,4,4,5,2,5
376,倪磊,8,1,2,5,5,5,5,5,5,3,3,5,5,4,5,5,1,5,4,4,3,4,4,5,2,5
375,倪磊,9,1,2,4,4,5,5,3,5,3,3,2,3,2,5,4,1,4,3,4,3,4,4,5,3,5
374,倪磊,15,1,2,5,5,5,5,5,5,4,3,5,5,3,5,5,1,5,4,4,3,4,4,5,2,5
371,倪磊,1,1,1,3,4,2,5,3,5,3,3,2,3,2,4,4,1,3,2,3,2,3,4,5,4,5
370,倪磊,6,1,2,5,5,5,5,4,4,3,3,5,5,3,5,5,1,5,3,4,3,4,4,5,2,4
369,倪磊,1,1,2,3,5,1,5,3,5,3,3,5,5,2,5,5,1,3,3,4,3,4,4,5,2,4
367,倪磊,8,1,2,2,5,3,5,3,5,3,3,4,4,2,5,5,1,4,2,4,3,3,4,5,2,4
364,倪磊,3,4,2,5,4,3,5,5,3,2,2,3,3,4,4,3,3,5,4,3,3,4,4,4,3,4
362,倪磊,3,1,3,4,5,5,5,5,3,3,4,4,3,3,5,5,1,5,3,4,3,4,4,5,2,5
361,倪磊,1,3,1,5,4,4,5,5,3,3,3,4,3,2,4,3,1,4,3,4,2,1,2,5,4,5
359,马子越,5,1,3,5,5,5,5,4,4,4,4,4,4,4,4,3,4,4,4,4,3,3,3,4,3,5
358,马子越,1,1,3,5,5,5,5,5,5,4,4,4,3,3,3,4,3,3,3,4,3,4,4,4,3,4
355,马子越,1,1,3,5,5,5,5,4,5,4,4,5,4,3,4,3,4,3,4,3,3,3,1,5,3,5
346,马子越,11,1,1,5,4,4,5,4,5,4,1,4,4,4,4,3,3,4,3,4,3,4,3,4,3,4
342,马子越,1,1,1,5,5,5,5,5,5,4,4,4,4,3,4,4,3,4,3,4,3,4,3,4,3,5
328,马英琦,1,3,3,5,5,4,5,3,5,4,3,4,3,3,3,4,3,4,3,4,3,2,4,4,3,4
315,马英琦,1,1,2,5,5,4,5,4,5,4,1,4,5,4,4,5,3,4,3,4,3,4,3,4,3,4
298,袁帝航,2,2,3,5,5,4,5,3,4,3,3,1,3,2,5,1,1,3,3,4,3,3,4,4,4,2
295,袁帝航,3,3,1,5,3,5,5,5,5,3,3,4,4,3,2,2,2,3,4,4,3,4,4,5,2,5
294,袁帝航,8,1,1,3,4,4,5,3,3,3,2,4,4,2,5,5,2,4,2,2,3,4,3,4,4,5
291,袁帝航,15,3,1,5,4,4,5,4,5,3,3,4,3,2,5,5,1,5,3,3,3,4,3,4,2,4
290,袁帝航,2,4,3,5,5,5,5,5,5,4,3,4,4,3,5,3,1,5,4,4,2,4,3,4,2,4
285,袁帝航,1,2,1,5,5,5,5,5,5,3,3,4,3,3,5,5,1,5,1,4,3,3,2,5,2,2
278,袁帝航,1,2,2,3,5,4,5,4,1,3,3,4,5,4,5,5,1,5,4,3,2,4,4,1,1,5
277,袁帝航,1,1,1,5,5,5,5,5,5,3,3,5,5,3,4,5,1,5,4,4,3,4,3,3,2,5
276,袁帝航,2,1,1,5,3,5,5,3,3,3,4,4,5,2,5,5,1,4,4,4,3,4,4,3,4,3
275,袁帝航,1,1,1,4,4,3,5,1,1,2,2,3,4,4,3,4,1,3,3,2,2,3,1,4,2,3
271,袁帝航,17,1,1,2,4,4,5,4,5,3,3,3,3,4,5,5,1,4,2,4,3,4,4,5,3,5
267,凌灿,1,2,4,4,4,4,5,4,3,4,3,3,4,3,4,4,1,5,3,2,2,3,4,5,3,5
266,凌灿,7,1,3,5,4,4,5,4,4,4,3,3,1,3,4,3,1,5,4,3,2,4,3,5,4,5
265,凌灿,1,1,3,5,5,5,5,5,4,3,3,4,4,3,5,3,4,4,3,4,2,4,4,5,4,4
262,凌灿,1,1,3,3,5,4,5,4,4,3,4,3,5,2,4,5,2,4,3,1,2,4,1,4,2,2
261,凌灿,1,1,3,5,3,5,5,4,4,3,3,3,5,2,4,5,2,4,3,4,1,4,4,5,2,5
258,凌灿,5,1,1,3,3,5,5,4,4,3,3,5,5,2,5,5,1,5,4,4,2,4,4,4,2,4
247,凌灿,9,1,1,5,4,4,5,3,5,2,3,4,4,3,5,5,1,5,4,4,2,4,3,4,4,3
246,凌灿,1,1,1,2,4,3,5,2,5,2,2,3,3,1,3,3,1,4,4,2,1,3,2,4,4,5
245,凌灿,1,1,1,5,4,5,5,3,4,4,3,3,4,4,4,4,1,4,3,2,2,3,3,4,3,4
244,凌灿,1,1,1,4,5,5,5,4,4,3,3,4,5,4,4,4,2,4,2,3,2,3,3,5,3,4
241,凌灿,1,1,1,2,4,5,5,3,5,3,3,3,3,2,4,3,2,4,2,3,2,3,3,4,2,4
238,吴桐,4,1,3,3,5,4,5,4,1,3,3,4,5,4,5,5,1,5,4,4,3,4,4,5,3,5
237,吴桐,1,1,3,5,5,4,5,4,5,3,3,5,5,3,4,5,1,5,4,4,3,4,4,4,2,4
233,吴桐,1,1,1,5,5,4,5,4,5,3,3,5,4,3,4,5,1,5,3,4,3,4,4,5,2,5
231,吴桐,1,1,1,5,5,5,5,4,5,4,4,4,4,3,5,5,1,5,4,4,3,4,4,5,2,4
228,吴桐,1,1,1,5,5,1,5,4,4,3,3,3,3,3,2,3,3,4,3,2,2,3,2,4,3,3
227,吴桐,1,1,1,4,4,5,5,3,5,3,2,4,4,3,4,5,1,5,1,4,3,4,3,4,3,5
224,吴桐,1,1,1,5,5,5,5,4,5,3,3,3,4,2,5,5,2,4,3,4,3,4,4,2,3,4
214,吴桐,5,1,0,5,4,5,5,5,4,3,3,4,5,4,5,5,1,4,4,4,3,4,3,3,3,5
210,魏敦稳,3,1,1,5,5,5,5,5,5,3,3,5,5,4,5,5,1,5,3,4,3,4,4,5,2,5
207,魏敦稳,6,1,1,4,4,3,5,4,2,3,3,4,4,3,3,3,1,4,1,4,3,3,3,4,4,3
205,魏敦稳,12,1,1,5,5,3,5,3,4,3,3,5,5,4,5,5,1,5,4,3,3,4,4,4,4,5
203,魏敦稳,6,1,1,5,5,4,5,4,3,4,3,4,4,3,4,4,1,4,3,4,3,4,4,5,4,4
200,魏敦稳,8,1,1,4,5,3,5,3,4,3,3,4,4,2,3,5,1,4,3,4,3,4,3,5,4,4
198,魏敦稳,19,1,1,4,5,5,5,5,4,3,3,4,3,3,5,5,1,4,3,4,3,4,3,5,4,4
197,魏敦稳,1,1,1,5,5,5,5,4,4,4,4,5,5,3,5,5,1,5,4,4,3,4,3,5,2,4
195,魏敦稳,1,1,1,5,4,4,5,4,2,3,3,4,4,3,4,5,1,4,3,4,3,4,4,4,2,4
194,魏敦稳,4,1,1,3,4,3,5,3,4,3,3,4,4,3,5,1,5,3,4,3,3,4,4,5,4,5
193,魏敦稳,1,1,4,5,5,4,5,5,5,3,3,4,4,3,5,5,1,5,3,4,3,4,4,5,2,5
191,魏敦稳,3,2,4,4,3,5,5,3,4,4,3,5,5,3,5,5,1,5,3,4,3,4,4,5,2,5
187,魏敦稳,3,3,4,3,4,5,5,5,5,3,3,4,4,2,5,5,1,3,4,4,3,4,4,5,2,5
184,魏敦稳,11,2,3,5,3,5,5,5,5,3,3,3,2,1,4,2,1,3,2,2,2,3,4,4,4,5
183,魏敦稳,6,3,3,5,5,4,5,5,5,3,3,3,3,1,3,5,1,3,3,3,2,3,2,5,4,4
182,魏敦稳,6,1,3,5,4,5,5,5,5,3,3,4,4,3,5,5,3,4,3,2,3,3,3,4,4,4
174,罗少良,4,1,3,5,4,5,5,3,5,3,3,4,4,3,4,5,1,4,3,4,3,4,3,2,3,5
173,罗少良,3,3,3,5,4,5,5,5,4,3,3,5,5,2,5,5,1,5,4,3,3,4,4,5,2,5
172,罗少良,13,1,3,3,5,5,5,4,4,3,3,4,4,3,3,5,1,3,3,2,3,3,3,5,3,5
171,罗少良,6,3,3,5,5,1,5,4,4,3,3,3,3,2,3,3,3,3,2,2,2,3,3,4,3,3
169,罗少良,1,3,4,5,5,5,5,4,5,3,3,3,3,4,2,5,1,3,2,4,3,4,4,5,2,2
168,罗少良,14,1,4,5,3,3,5,3,5,4,3,5,4,3,5,5,3,5,4,4,3,4,4,5,3,5
164,罗少良,7,1,2,5,5,5,5,3,3,4,3,3,4,4,5,3,3,4,4,4,3,3,2,5,2,4
161,罗少良,1,1,2,5,5,5,5,4,5,3,4,5,5,2,4,5,1,4,4,3,3,4,4,5,2,5
160,罗少良,1,2,2,5,5,5,5,5,5,3,3,4,4,3,4,4,1,5,3,4,3,4,4,5,2,4
159,罗少良,48,2,1,5,4,5,5,5,5,4,4,4,3,3,5,5,1,3,4,4,3,3,3,5,3,5
156,罗少良,32,1,1,1,5,5,5,5,5,4,4,4,5,4,5,5,1,5,3,3,3,4,4,5,2,5
152,罗少良,8,1,2,5,5,3,5,3,4,3,3,4,4,2,4,5,1,3,2,4,3,3,4,5,3,5
151,罗少良,3,1,1,5,5,5,5,4,5,3,4,4,4,3,4,5,1,4,3,3,3,3,4,5,3,4
130,莫光轩,3,2,3,4,2,4,5,5,5,3,3,4,5,3,5,5,1,4,3,4,3,4,4,4,2,4
125,莫光轩,4,1,2,5,5,5,5,2,5,4,4,5,5,3,5,5,1,5,4,4,3,4,4,5,2,5
112,蔡远亮,6,3,3,3,2,4,5,4,3,4,3,5,5,4,3,4,3,5,3,3,3,4,4,3,4,4
102,蔡远亮,5,3,3,4,3,4,5,3,2,2,2,5,3,2,3,3,4,4,2,2,2,2,2,3,2,3
101,蔡远亮,1,1,2,4,4,4,5,4,4,4,4,4,4,3,4,3,4,4,4,4,3,4,3,4,2,4
100,蔡远亮,1,2,3,5,4,4,5,4,5,3,3,4,5,3,5,5,1,4,3,4,3,4,4,4,2,4
97,蔡远亮,3,1,2,4,4,4,5,4,4,3,3,4,4,3,4,3,3,3,3,3,3,3,4,5,2,4
95,蔡远亮,1,1,3,5,3,5,5,5,5,4,4,5,5,3,5,5,1,5,4,4,3,4,4,5,2,5
91,蔡远亮,1,2,2,5,5,4,5,3,3,4,3,4,4,3,5,5,1,5,3,3,3,4,3,4,2,4
70,夏之潮,1,2,3,4,4,4,5,5,5,3,3,4,5,3,5,5,1,4,3,4,3,4,4,4,2,4
65,夏之潮,1,1,2,5,5,5,5,5,5,4,4,5,5,3,5,5,1,5,4,4,3,4,4,5,2,5
57,廖雪钞,14,1,4,5,4,4,5,4,4,3,3,4,4,3,4,5,1,5,3,4,3,4,4,4,2,4
54,廖雪钞,6,1,4,5,5,5,5,4,4,4,4,1,3,2,4,3,1,4,2,4,2,3,3,5,2,5
53,廖雪钞,1,1,2,5,5,5,5,3,5,3,3,3,3,3,5,4,1,4,2,4,3,4,4,4,4,4
52,廖雪钞,3,1,2,5,5,5,5,5,4,3,4,5,5,3,5,4,1,5,3,4,3,4,4,4,3,5
50,廖雪钞,1,3,2,5,4,4,5,4,1,3,4,3,3,3,4,3,2,3,3,2,1,1,2,5,1,3
48,廖雪钞,6,1,2,5,5,4,5,4,4,3,3,4,5,4,5,5,1,4,3,4,3,4,4,5,4,5
47,廖雪钞,3,3,2,5,5,5,5,5,5,3,3,5,5,2,5,5,1,5,3,4,3,4,4,5,2,5
46,廖雪钞,1,3,2,5,5,5,5,5,5,4,4,4,5,3,5,5,1,5,4,4,3,4,4,5,2,5
45,廖雪钞,1,1,2,5,5,4,5,2,5,3,3,4,3,2,4,4,1,3,2,2,2,3,3,3,3,4
43,廖雪钞,1,1,2,3,4,5,5,4,5,3,3,4,4,2,4,4,1,4,3,4,3,4,4,4,2,5
41,廖雪钞,1,1,2,5,4,4,5,4,4,4,3,4,4,3,5,5,1,4,3,4,3,3,4,5,4,5
38,廖雪钞,3,1,2,5,5,5,5,4,4,3,3,4,4,3,4,4,1,4,2,4,3,4,3,4,4,3
36,廖雪钞,1,1,2,4,5,4,5,3,5,2,3,4,3,2,3,4,1,4,3,4,3,3,3,5,2,5
33,廖雪钞,25,3,2,5,5,5,5,4,4,3,3,4,4,2,5,5,1,4,4,4,3,4,4,5,4,5
31,廖雪钞,1,1,2,5,5,4,5,2,4,4,3,3,3,3,2,3,1,2,2,3,3,4,4,5,3,5
26,黄明军,8,1,3,5,3,3,5,2,2,2,3,3,3,2,4,3,1,1,3,2,2,2,3,3,4,5
25,黄明军,1,1,3,5,2,5,5,5,3,3,4,4,4,4,5,5,1,3,3,3,2,#NULL!,#NULL!,#NULL!,#NULL!,#NULL!
18,黄明军,1,1,1,5,5,5,5,5,5,3,3,4,4,4,5,5,1,3,3,4,2,3,4,5,2,5
17,黄明军,1,1,2,4,5,5,5,5,4,3,3,5,5,3,5,5,1,5,4,4,3,4,4,5,2,5
16,黄明军,8,1,2,5,4,3,5,3,3,3,3,5,5,2,3,5,1,4,2,4,2,4,4,4,2,4
15,黄明军,1,1,2,5,5,4,5,5,3,3,3,4,4,2,3,4,1,3,2,3,3,4,4,5,1,5
8,黄明军,11,2,3,5,5,5,5,5,5,3,3,4,5,3,5,5,1,4,4,4,3,4,4,5,2,5
7,黄明军,25,1,2,5,5,2,5,3,5,3,2,4,5,2,5,5,1,4,2,4,3,4,4,4,4,5
4,黄明军,6,1,2,5,5,1,5,5,5,3,3,3,5,1,5,5,1,1,1,1,3,1,4,5,4,4
